6.79100043491037,-0.3738819795064442
7.081024260475957,0.04718139690319112
-1.3529149076445728,4.913184147111204
-1.3692103217419187,4.334963885342825
-2.259028948568216,9.520244666927834
-1.5002661123458056,4.767793335521375
6.9324060999506445,-0.03067582916538436
-2.0222350526301516,9.228819895529798
6.8702186678463875,-0.25058141170820536
0.631278758120631,8.685544897394044
6.932601334795508,-0.3316320043298798
6.996778482782687,-0.3681014164371351
-1.0945725067984886,4.649914572516026
-2.2541545883492757,9.952735106961375
6.987752165989715,-0.3086254685192389
-6.964728955250327,5.412178283648208
7.030432892243581,-0.289153345327797
-1.305094762747428,4.872136194575302
6.759586523989398,-0.05263071584495335
-1.367542839888648,4.622316634263974
-1.4295829224426386,4.62430863154475
-1.978042201302286,9.474695220191707
-6.777666852817148,5.528208626246511
-2.4280007491535973,9.664814924777351
-7.071181228963063,5.137128784495242
-1.1850908600003889,4.777351598524147
-1.2923888386606843,4.755448552708679
6.986433679515317,-0.5099113357713028
6.619960494983789,-0.2334630213701917
-7.128632993910101,4.997699123146338
-7.011934226814259,5.2413314378434475
-6.98562251434374,5.279812582730145
0.5889883758908931,8.377794332778109
-6.877345181811842,5.5386254113733795
-6.942794925298272,5.345111496684083
7.023395434699926,-0.06970713923614258
-2.2441944832295735,9.408478324577986
6.765244273864667,-0.37216266780029766
0.5109578815468373,8.554486733622447
-1.2355726892433012,4.826650246313138
1.0367252078518878,8.76506192969313
-2.160947896497755,9.439231987534148
-2.2736143736440546,9.101609701711313
6.878739342581783,-0.03638383220555552
6.929159855034076,-0.33558672419262664
-2.2494004038623983,9.64544129032344
-7.0863400080302,5.027708421528555
-2.1764833351816613,9.380860153369058
-1.0213696040462827,4.901787253168866
-2.0706152496314103,9.314100583306322
6.863771359701763,-0.4628200797818694
-1.2599939851158937,4.425199781474123
7.042255587964896,-0.09425905244465121
6.953694067314981,-0.2636287022159834
-6.855156975542304,5.239855904487517
-2.3017668541865652,9.773455087785146
-7.091000520921362,5.225474660917233
6.773733303004788,-0.4549682562945828
-1.2867430311702541,4.6511616866498855
0.914278506084858,8.417162072828258
1.1185249317636519,8.688508392797011
-1.1843092263776873,4.961890524956972
6.824993257650556,-0.2779247767419524
-2.1685212170965165,9.333713106538273
-1.006935525777314,4.941792210459937
6.766631723200722,-0.13020431266646734
7.1298235989644025,0.020363864920836083
-7.176116187277001,5.179198695378784
0.7774208913689964,8.616931146705898
-1.966539139033041,9.436596066797959
-2.3716037382746746,9.40176751003796
-1.4007378394684489,4.837883971894756
-1.9570255909829672,9.026960007365313
-2.1820130430075353,9.42636951478815
-7.097560575300498,5.253447487330272
-1.4460614139722736,5.048691258493132
-6.994610862658609,5.252969489148695
6.997863842183282,-0.32371649665883256
0.416825643041998,8.2647096853345
0.6765448418261242,8.83227845067176
-0.9559779160980864,5.040617832299604
-6.977255328055278,5.449443602578612
-6.71474138575574,5.33900550792527
0.6322234420080601,8.6965141103434
-2.0888532999824148,9.565191013026915
6.777369860151602,-0.18686516997834668
-1.3456169556065947,4.979964064311682
-1.0530914659610284,4.551614312942209
-1.7355389922775242,9.568628013661902
-2.329016802936195,9.488786592055803
6.659621305736693,-0.11598773983081079
-1.1861002785394388,4.5868539547907705
-2.341598694241662,9.787663832597813
-1.4490461106777437,5.028485469203917
-6.649429240761762,5.48546968331459
7.020910074129356,-0.570352916248811
-1.4291927980168766,4.928736402801356
-0.8019075867577641,4.498289017983127
7.208236078511569,-0.2439305201975457
0.8565312851955983,8.731811386490321
-1.142682493887639,4.717656701927527
-6.6944313800224,5.313331858726905
6.60530361044088,-0.31550739356405494
-1.0664956542598643,4.674733899461022
-6.905675489143282,5.598109551456319
0.8434544304880209,8.351923622539143
0.6960438341454558,8.318872071902867
-6.829831183863759,5.2883899739589655
-1.044225476042217,4.718819288771875
-2.4504390804345095,9.72842649328959
6.9731474351795555,-0.6137132476805394
-1.3193523288846614,4.948705246618778
0.011839837030263478,8.86063592045836
6.61223305018926,-0.17614173798995014
6.831802410176868,-0.34272398929930664
-1.2624571514580694,5.147520117646381
0.7457995854358265,9.097210828045284
-6.584419250558261,5.522595212414573
6.703129173970266,0.06436999124962389
0.851441743269399,8.389671221785237
-1.4277605500121555,4.813251804154175
0.5302359964445651,8.778602818365206
-6.587707544564201,5.124365372407911
6.765087543501064,0.01211444680510465
-1.5057715036203385,4.378726404406434
-2.0644867583871918,9.941510720537224
-2.460062076117201,9.307790323080962
0.7039713798982105,8.766666857548064
-1.8134875401952537,9.660832852427705
0.6578592467425209,8.436838391461702
-1.359368296963807,4.3954409956846305
-1.1474088166481913,5.112446343001558
1.0997928146015046,9.205305145769332
0.641196812026081,8.485632669381468
-1.2769370960404938,4.633004588779482
-2.314014941574878,9.519215722259105
-1.339178229832498,4.736209156284559
-2.314335051984601,9.819391243166667
-1.5157774844436416,4.8582714361185495
-2.2651080740250893,9.435679501151725
6.89355593372892,-0.7135948524990985
-1.18389844453534,4.512930814876359
-6.829880884747535,5.7682061350967935
-1.5017877653276432,5.047289722257089
0.3734469518210062,8.553903002051205
-0.8973538482553911,4.548110862142253
0.8838563933760282,8.694150955211159
6.853821640871949,-0.2551865215866484
0.44856945006634386,8.7725805675585
0.5568955088703069,8.926036434085981
1.1361096892649223,8.38880054785163
7.092116051594363,0.07533765113872282
-1.321645939456437,4.372703699701049
6.805594375540782,-0.18128479365756467
-7.372884781921884,5.281259198978003
-6.571273603587089,5.28392790247588
-6.663691454255719,5.803763186693927
6.972914989315567,-0.2483447640915808
6.931797161177274,-0.35339835405472614
0.94088766184042,8.603938001256546
-6.840125571488665,5.147432125822713
-2.0460658401505243,9.604832339656097
-1.5347093913742829,4.90595530784699
0.893793019013732,8.657915561817214
-1.287561788533121,4.841223582927161
-0.9826839983940006,4.692304936410135
-2.48648677257155,9.581562438106033
7.166796803109513,0.019118527256253515
0.6443024368206942,9.206949188296223
0.8952386422843353,8.546924910824634
-2.2243783309880922,9.580018237223534
-6.656697466999895,5.136035792387877
-7.0333479377848125,4.880815820946022
-2.3458033645384666,9.056854058616327
1.030254468506397,8.520446848389895
0.6811994954665427,8.70060000089597
0.6855667187360865,8.486784185405043
-2.0039232495143193,9.591123115522638
7.059329547689679,-0.8939533307142986
-2.2930349421346663,9.712943825670045
-2.393155593055625,9.539542695691766
-0.963950164113716,4.54725633094364
-1.624632092155887,4.398004310843373
-1.9328547969823502,9.56159382704786
0.562133010031466,8.662449013680314
-2.3561057766143874,9.752086688741219
0.5477253637173415,8.54944642000529
-6.873915073888166,5.207530671973889
-2.1716736045642615,9.388812412897803
-6.840403297446975,5.137853655505208
0.6044530939829454,8.683469283011602
0.5643063431214937,8.494422314753608
-2.43731385817343,9.275492378140216
0.9292985864584407,8.755805217104726
-1.1408597668546172,4.763062984753406
6.697499171108549,-0.5656603802753574
6.8670438241957825,-0.20952622314342953
-1.0261823102713907,4.703984737093239
-2.1461871411450675,9.442616322807483
-6.615432170325345,4.741363453599215
-1.9030566022980648,9.68673541519267
-6.494295734924087,5.484362146141849
6.675736535602512,0.025590908088794384
-1.021974002724455,4.6063930294246
-6.805477082963659,5.166806313450484
-7.1105459994282505,5.260715424366975
0.5743390483380654,8.895492338782224
-1.2647494904388101,4.755279762439348
-6.593777710275128,5.303550468019226
0.6608428723145395,8.38753860345306
-2.521876993321676,9.43121853983041
-1.0493255528933976,4.981144971916655
-1.2172748163120934,4.609715722688818
-1.1892390513125335,4.949598958712272
-2.0821827622353144,9.575608409291673
0.5288227991280585,8.724763374613806
1.1364823209565547,8.639310678584344
-6.819697385370304,5.346708001853673
6.865912153943117,-0.4570075577678391
-6.9794315820086155,5.337423927610557
-2.103977270434783,9.844000284042393
-6.725212060207549,4.97547572852917
6.863037371367768,-0.16853978078969895
-1.4090032718357015,4.549186339700282
0.466634848760927,8.828896640970877
-0.9547183398146455,4.283610829684593
0.8762766339462316,8.795977856229273
-1.9552732394204635,9.482982697799974
6.66270109452885,-0.40258384979361983
-2.2137213093186703,9.631224466216937
6.840752544935251,-0.30862045239674046
1.030944868438453,8.823231735707962
0.815925019765193,8.609789276315324
-2.3865178202817217,9.560902823731752
0.7505918870864255,8.82126729711601
7.090522701376242,-0.20854866131183708
-7.204645892383481,5.456099714474843
-2.4973440883380165,9.487874785712574
6.796208560679225,-0.475305096812721
-1.2366595938461336,4.796631665645215
-2.1421930015838977,9.259225986709222
6.705052962337902,-0.22313576175561287
-1.178871980709141,4.959542042614963
0.5077846974361723,8.62049969190497
-1.6717588462499997,4.863478785593837
-2.1334266130293313,9.511858690350827
0.3608579424245555,8.58665289926153
0.8616860182579713,8.378822864794582
6.865904583687513,-0.37709352675023655
6.785847011335642,-0.17352296736830913
-7.145778607937989,5.462818778174904
-6.281175146232787,5.021626566627962
-1.2992894133058797,4.961041371852639
-2.591406835212405,9.65884591728485
6.8234627404319586,-0.5227807585945601
7.143027231783666,-0.48803865344920877
-0.7765578625944265,4.953834765221894
0.9893523157953277,8.681584112861723
-1.9913424182914363,9.824875130496954
-1.4480776990624993,4.950674292809264
-6.835232507544625,5.021192710029201
0.3095289144175984,8.87367188695101
0.9380241469653754,8.926206164727336
-2.273912963719579,9.70955283589508
7.097329339497807,-0.22472791039480883
-1.6108779670136415,4.569039458614431
-1.6176992313582133,4.795554436993342
-1.5055325153740904,4.556120895504862
6.690175006106245,-0.3790175271820688
-7.207439461851347,5.334071016194695
-1.9546143307912534,9.628850811084417
-7.17591650512107,5.164512971290003
0.41720533889765854,8.766264100182799
-1.0947916758337466,4.563783578222773
-2.156819109917261,9.534069823704371
-2.0987683274704243,9.424622251830483
0.5347303504555325,8.292305355790377
0.5023262394336094,8.440929007865007
-6.882116820076186,5.016151025969237
0.6012704059110789,8.542086554381715
-2.3130321162742966,9.442053323080168
-6.985387732070503,5.351462454613176
-6.478051283293063,5.411367394522327
-1.4321584645018794,4.59324275048324
-6.9828062739714625,5.285864138427654
0.5839281339038463,9.091277569876098
-1.3279768792098743,4.515874325307241
-0.935249635853975,4.630526144016222
-7.075486586304509,5.245287069298736
6.917240413992926,-0.48587573800254036
0.8712113990985851,8.420276422168591
-2.152361821132148,9.127785660156027
6.771678156579792,-0.1544190826536113
-2.1951771569948058,9.527508104502223
-2.2471127919742027,9.85383615678529
-2.3080178114432925,9.356273438609454
0.7404660093197851,8.997477264683619
-2.2703127103831466,9.372771672694366
-1.1876109700466368,4.661758787489925
-6.840861311574365,5.28120385393047
-6.966988174379216,5.0169587905215804
0.626837272146285,8.501618148844468
-6.5620012852287095,5.524242829107714
-1.0961849977624338,5.061506511996916
0.7084735277778464,8.909316497762626
6.769139848269908,-0.2083506354032889
-2.0223889682025322,9.619578631893416
0.42968314440147387,8.519951537248536
0.32678951923777627,8.506803976645765
1.0563448258038002,8.479049747717015
-6.775100580424336,5.306127976772905
-1.2048054277843065,4.724434888239769
-0.957205350903588,4.731185055974861
-6.794399909568592,5.411558105352516
-1.4308372484543532,4.821769622848806
-2.3890759077375088,9.30232503538575
-2.8141495565882244,9.208972775709395
-6.684889411336477,4.876808376802839
-7.399660562916511,5.1579975581062545
0.49953123181498915,8.574708085438958
-1.391335631040936,4.52164467006886
-1.189900548179293,4.989361151307091
6.862062577433498,-0.16758633587739521
-1.2379648659329552,4.755367234405028
0.7228434636776628,8.48366994574986
-1.111845381081655,4.741643751689864
0.7412206423894785,8.68914508438346
0.6569029348252228,8.823757879158341
6.680700598418564,-0.028005801475769032
0.5831482960872431,8.71727881976566
-2.4519496023848366,9.408153649301866
-1.2218874105851016,4.748154317799125
7.045322036709967,-0.4105196961034596
-1.1599320137590725,5.143203164681842
-2.562903807559716,9.46783974652632
6.979790775880019,-0.5091161254456859
-7.10392205522418,4.959082250990763
-2.2126213022198,9.833265913991502
0.7933578789491975,8.745097521541798
-7.01520705954515,5.459168782266613
-1.4040887605982701,4.592115102696842
-2.5326849960082454,9.918054886267578
-2.06329119250459,9.543658110275496
-6.874379796999651,5.329353107318016
-1.3873068569184932,4.969445957460565
7.103829075211762,-0.3560352317115329
0.6978016944471755,9.135828768654635
6.834439187905371,-0.005666111071548352
-7.012235943601251,5.363255183688151
0.5570943766688169,8.587759858671467
-2.1403884499257755,9.170619770903357
0.6585697779203522,8.80720438705254
0.947331498290703,8.618183134606891
-1.1632868373794174,4.540632182192508
-1.2258255537282654,4.84982494211131
-1.2957481984286294,4.962915190772446
-1.58486934888456,4.879615508665015
-1.919205917599494,9.552027023077581
0.6851399076210506,9.19444607229679
0.9347920185777745,8.962444117445669
0.40870296698809444,8.725626327463027
-1.992784389865829,9.623176153285632
-6.84630103937274,5.520704674034533
7.066595600484407,-0.3492325548936269
-2.1614229107552587,9.674948609304616
0.7780510608205036,9.239331976682399
-1.7945109142068965,9.245736620201415
-1.1933976043562815,4.634049864817119
6.886378557759577,-0.19393368759926896
0.46000380210682057,8.6672948150601
-2.5324864793181616,9.31864773675767
6.962869258491788,-0.2723287376010219
7.125580843032409,-0.41842101755309596
6.695684413866727,-0.4710254131765429
-1.2872956007081544,4.6079743335153855
-6.6142975175752365,4.851012893011905
6.724327091185504,-0.6482236560184715
-1.9256228723599744,9.639119644536885
-7.029871903218354,5.442662958370298
6.816657514063655,-0.506509246475516
-7.070965172468104,5.024415192181409
-1.9394623818226329,9.621256225613335
0.5544807751669568,8.658741956104235
-2.5875735988878903,9.513521643097983
-1.1670014308487269,4.63338138274005
6.921904211743523,-0.4734117444092665
-6.830014136063688,5.386491020655304
0.6389758793460999,8.552329451945733
-6.813538704472027,5.232344092229002
0.74269468813183,8.435118750641507
-6.908816378273063,5.311738718925655
7.080328612359542,-0.49334431531211154
0.7860587439370473,8.191533409169963
-1.0560622914021842,4.903091586848173
0.6933638555861374,8.678094744778234
0.3714929238598468,8.419478005274012
-7.092220778616811,5.087299841612789
-6.840403658805079,5.142133927264145
6.853746826196815,-0.6807896108243485
-1.8186220110340467,9.098472681400992
-6.999270927797977,5.310553960135167
-1.282848298902334,4.678033231628512
-1.9205186996044503,9.497365006116214
-1.1554847478579382,4.582256749236238
0.33347460859742944,8.743763715727393
0.6288273799417413,8.448708434041922
-6.82320934237863,5.492351484242015
-2.391866543181805,9.575777304358379
-2.0593005901865515,9.426858148352487
0.6804787920454674,8.275029931651277
0.8255613813438425,8.951773328863954
-6.898924835404516,5.488615192463487
0.9891307399624928,8.96617054869777
-2.152102070418749,9.450404653357253
-0.9641437080540545,4.474918697662609
-6.57354510268576,5.3292495368295825
-2.149771787097615,9.560748476587223
7.049767705985201,-0.5151165515971997
-6.966403836907085,5.366875493610619
-7.04414624982894,5.254851636229867
-1.3552586629824839,4.924343398362619
-7.213910658043304,5.453030960941335
0.7781713172341497,8.491790179587534
0.4298176261754165,8.806053056190391
-2.082056353307223,9.529709072421161
-1.2480366513937484,4.900911311362786
-6.970467654988471,5.5403190115371
-1.1387348724270696,4.901299906254655
-7.057333261198866,4.9668508025066265
-6.872669493196371,5.459151701411116
0.7069099575304265,8.50481851792299
-1.439868157744617,4.844139709711661
6.82104308623295,0.2579840970603601
-6.897318427940067,5.703395604522702
-6.986674894173355,5.347073324684431
-1.1999544852924657,4.446964705247347
6.657324936355155,-0.20539851362091985
-6.779344219063538,5.187491597241824
0.39534835717853783,8.916228372545637
6.863084578194428,-0.35343866609111574
7.083874631230409,0.006539559166434061
0.7970146563984679,8.992618943647317
-1.9173015234548034,9.623048607556427
-1.2918423120042215,4.49191117357297
-1.05174935634874,4.755068694587529
0.7465663778718533,8.810186965739208
-1.32488795187671,4.539287537140549
6.854386976591977,-0.314027140312217
-1.1801743452339504,4.639882572870663
-2.0194361046558886,9.641436203348706
0.7000344506150799,8.803432141922935
6.655262800569633,-0.1188364514783361
0.6489603113369935,8.386849933781782
-1.0792442542480434,4.598451317675713
0.561696591522754,8.354914516213805
6.696083018181385,-0.6015808697119802
-1.3904125111613366,4.822051764015984
-7.131100015324667,5.350708768793301
7.007965763612964,-0.2536003204429855
1.0790687041918146,8.975501024768326
-1.504176945864486,4.80209981525958
-1.0706695585449508,4.527710967487302
-1.5389584007558763,4.2559527051149875
0.6869327593909017,8.817035376856705
-7.103491112821266,5.142453703077142
0.7519765153201138,8.99363811353856
-2.1532889973941702,9.48640861899436
6.677619581316172,-0.5209420544705019
6.618791431465147,-0.1327281130938438
0.456539447915582,8.666092653678175
-1.3662579347202162,5.143824793827103
-1.197377395489761,4.685292334788468
-0.8175023186768493,4.75011061750089
-2.47015490193529,9.735504510009765
-7.254105792509052,5.4221274932512005
0.7779267940036002,8.67703044115605
0.6462808115554829,9.155557682043748
0.4617593557437695,8.73454019247375
-1.1901575555435004,4.383602766658109
-2.410418403884963,9.492799523599007
0.7058406083377025,8.86437835960117
-0.9950456796041649,4.6456562789353075
-6.75970053813972,5.511887635667719
-6.825434648815616,5.24377904610859
6.820387169666021,-0.49922837912405515
6.782969636702502,-0.5888025461222877
-1.0447513860744382,4.832795370532679
-1.1026479315965012,4.73635560815962
6.786257988629196,-0.2586153492947516
-6.7286697757888305,5.457934344588958
-1.570716266487297,4.79240538335158
-1.1893050148426827,4.909080244843051
-6.720764699033751,5.395321463597713
-1.192962413745776,4.546426106541476
0.654331456315413,8.41274766457496
-6.743202050088097,5.163840779295116
0.6863732056261419,8.822634297689225
0.7828205304206501,8.948187155419408
-1.1182795891424637,4.948685388503574
6.900320736896946,-0.005463929768178721
6.925362124757548,-0.6370036320249448
0.7914682553616113,8.554536182195815
0.6509669344379968,8.77346550574466
7.195613013914572,-0.3353988769662878
-2.143581292276458,9.25795511013237
-1.2135684034569003,4.783584931650199
-1.294384114107313,4.646280750832805
6.8345882608707145,-0.1562706094936208
0.8423079081535506,8.735942961580422
-7.020153981738121,5.201552979507769
-7.013294689083759,5.289781661903698
-0.9742448101380339,4.870048765005068
6.964671126702568,-0.1764226968493455
-1.1686333332167291,4.633221435170203
6.842461246930623,-0.3640409275030527
-2.092589209094819,9.660168784372102
-2.398197851994601,9.565326576690616
-2.301978657335534,9.642958034253075
-1.9682338870678604,9.163118753787147
-2.0465442755319225,9.13758942103796
-2.104938472135524,10.043087048172747
-2.049491213144836,9.254245759756044
6.858389766662515,-0.522181888428568
-7.2241876335829645,5.396604450129468
0.6447525539179312,8.86069778068656
0.4595857169591784,8.468418419887723
-2.1115925674836045,9.595259789381394
-1.9666015480652201,9.36888421537043
-6.839740933134805,5.181618250126016
7.067936681447306,-0.15315276207772385
6.835511130550638,-0.027755061976462325
-6.49738472364768,5.4012993529483815
-0.9534753158550354,4.785088169723516
6.875229020265019,-0.3081733889076878
-6.514762994778864,5.422671715563105
-6.718212504453082,5.149484019537452
-2.208862626740809,9.697777845998491
6.598425151960113,-0.08231199346735382
0.7638477015132917,8.574861600508362
0.32277599522667666,8.4965367047851
-1.395021360004463,5.061155241625213
0.4376302987010957,8.633677691634093
6.888909072484259,-0.48567097631173406
7.194634410300306,-0.06847039121029797
-2.3963365928756932,9.57886353379103
-2.1201645944313317,9.629078157577608
0.7087080381599563,9.140499604312971
0.7999737335627909,8.681933085770144
-2.1309288149500913,9.730301358227441
6.647359364090782,-0.765954732039456
-0.8181890366353322,4.89716304504179
-6.960313268499772,5.441069010284313
0.5151190435549301,9.026377688083107
-7.05872982873015,5.3873675588633985
0.7539719018601373,8.71861782058035
-2.1731830202633446,9.615956228252191
-6.960788442129668,5.2516217217597685
0.6206791875400364,8.777377884749646
-2.4601845679386978,9.22696931935523
-1.0731387363550589,4.824215324798916
-2.3440152615919536,9.131416310992934
6.788463666568056,-0.4043877438553725
0.6396669600368484,8.884715009318404
-6.880711982243365,4.919351212612746
-7.118729564221685,5.335649027343605
0.8372173316007192,8.840482448748729
6.690901884568113,-0.06790296190511066
6.898182328635949,-0.3652108488319578
-7.045434728815586,5.430411132690343
0.719604845805154,8.741201851818108
6.756314278533694,-0.12985617642492953
-6.742994140986488,5.7531097976271015
-1.2572835507351525,4.6373189263043875
-7.025454045534878,5.426950143405759
-1.2002803702904659,4.958122744070743
-2.2609261951226016,9.529555119161666
-2.310835108660733,9.7012170475338
-7.044839268025792,5.194692041228981
-2.5432035207958785,9.599957038138163
0.6079822673173325,8.691948288150597
-7.111438949576688,5.3242305402434305
-7.079427355467593,5.385100051090518
1.051328277150016,8.836714470303264
-1.2618202594475396,4.767763672147862
-2.387231873445378,9.467530907514625
7.074645034147964,-0.38028891187986374
-2.213516774237523,9.628382424976355
-7.241105289761687,4.594742874189913
-7.166449919514226,5.235523375593266
-1.092921522093515,4.555042214004964
6.761299924369857,-0.2345147103738224
0.6448869359571183,8.867784678696223
-1.1020162347045173,4.508881166851952
-1.2891652739669444,4.538757522591869
0.7881048433753489,8.6865313105648
0.5441946777257889,8.676675927056179
-2.4739886316968915,9.44516855310032
-6.809115549993356,5.138281547843807
-6.6424327396874325,4.823390484769294
-1.1354864694565712,4.311046346317735
0.5568054307968175,8.56095291576765
-2.6304005176294245,9.15009898939666
-1.0860334541249763,4.510663280845716
-1.2771919092251793,4.764221521323857
-2.4818546329109354,9.534755919654627
-2.37641358327573,9.478627827013312
0.8520209068138167,8.233273380238483
-2.3048308533207638,9.546865697904014
-1.064592842153464,4.73584697285059
0.6600765352263747,8.848709938502564
6.824943035989136,-0.14452591843864945
-6.809848553414416,4.99116779210124
0.8101827414381341,8.481528662665777
0.38922913981366747,8.821971359102326
-7.384871371679746,5.0878671566194775
-2.08781433494298,9.46208640526696
-1.2114883536311192,4.506563932820136
0.985447102331799,8.730471763297322
-6.811680308788064,5.212958822068109
-1.4990564175862935,4.726424276462267
-6.831330253903747,5.319999549735028
0.5306304566575083,8.901402237470103
6.862573186159097,-0.4232820760883169
-6.841173665345149,5.483704516623712
-6.845546103558583,5.311302415126375
-2.1323513751642165,9.187042304895169
-1.5363782944687818,4.982989995827056
-1.3587313794775806,5.074235856834611
6.949016764282488,-0.24477064531062076
6.941400466456871,-0.12993671707981463
-2.06578703403854,9.469221014812616
6.882129341949844,-0.3172307414798917
0.9400930969428352,8.837178455356122
0.6848751540989308,8.661229402445453
-7.011621769661881,5.055267074021787
1.1916105351951733,8.971153405496642
-6.786533330264158,5.400562161656533
0.3507122364864461,8.54193268465855
-2.4107540382614454,9.653331175873658
0.42086383777557,8.757812565784038
0.8246047508029427,8.446910791284903
0.6595243199276059,8.338390262678967
-1.4766386827310973,4.503074091927189
-6.834296799813727,5.551042584796996
-2.255035829308015,9.008238460168664
6.872062766143421,-0.21903443325844718
-6.898612950014015,5.1917340968669246
-6.83562330351852,5.254137802516896
-7.169465190600973,5.368284003227677
-1.8429940256962656,9.576273120550946
-7.172297954708222,5.247384459981649
7.044074751110146,-0.2830690062362689
-1.478811356442399,4.736396344225603
-6.968214563165105,5.710098405109964
-7.223851368874817,5.348160381960269
0.6125478998650964,8.801195945113365
0.7870048958530179,8.526997441664752
6.934514144167124,-0.34370247826932215
7.077728003432178,-0.2882771900940552
0.7092768685946947,8.646353672654909
-1.3544012790732225,4.910528391839215
1.0134491590756465,8.650594150230267
-2.118583818554268,9.472470722125232
-6.667667430170612,4.911748556346186
-7.2129109492479255,5.342868338552974
0.4816870206751157,8.634135627604765
7.004470001804262,-0.07597435396100902
-6.840420697890862,5.305247794748676
-1.247014831936024,4.6735808133212435
6.855407874591758,-0.2655824063876811
6.962709622999071,-0.3166340020061087
-2.296279067770267,9.267499527933253
0.4796143729251441,8.89276326679564
-1.1099165083483509,4.79564075572879
-7.173681049517756,4.904225432179281
-1.441482477551666,4.5904689495955875
7.174924551087252,-0.2535038860927943
-1.023474542087112,4.876655100501781
-2.123166854796645,9.322849357597866
-1.188895423330229,4.45819107559122
0.7840367750889329,8.906924418037034
-0.9913143132029427,4.912881567115725
6.79874304380864,-0.4001176145742763
-6.927211886562125,5.234980035751326
-1.2584841908957072,4.748884716674324
0.5846063898991976,8.70155115255498
-7.51316522959278,5.23451155762239
-1.216357999569624,4.694524366540539
-7.099208065071903,5.3332797534483
-2.3284251189171243,9.666171793027036
-1.0637568577722,5.057612905487841
-1.2340160660171478,4.877707660585587
-6.8267482468866465,5.440567392452666
-6.919058526652292,5.057568052790838
6.819883490525247,-0.10975941698125657
6.78834565873937,-0.40201665333603326
-7.097906737002448,5.401855116836855
1.0816807802597315,8.775797283699623
0.4879894856377379,8.327926830526273
-1.533279864292457,4.8021568226219555
6.43762380805007,-0.5766218429807444
-1.3621473775044284,4.6287835019901475
0.668410034297333,8.590813311744478
-6.600637642508301,5.330091263618506
-1.4117788830683895,4.593880537407449
0.6933008875984319,8.727279315204244
-2.116329390814254,9.177971985210773
6.485196883350502,-0.033567126871914266
0.39814879465354985,8.785389247865105
0.6518958880884803,8.595491279542836
-7.20119069831242,5.31335705037686
-2.0315954581849,9.537365968616925
-2.2807726567182023,9.538631194694588
-2.1965415115551377,9.55194879052509
0.6663188361254812,8.642695896882708
-2.217529360210836,9.772551470802865
-7.354416128379015,4.9414075057398295
-0.9170598637353912,5.046406845213375
-6.938294814834212,5.30364734679166
-6.746553206058423,5.271460862157106
-6.94422007552489,5.089764083780091
0.337360668668929,8.290410932430603
-1.227256119479669,4.6890391326751
-2.365937329917247,9.218729929357158
-2.3143701444857117,9.428710420618758
-1.260555066097209,4.454827909119997
6.676394956188487,-0.3205289631145683
7.160135837255402,-0.6072795375365148
0.32475277716840556,8.48972366263742
-2.06143396561038,9.594770210234625
-1.305445269226815,4.483495152893601
-2.662979183683523,9.438171381519453
-2.178111186886682,9.442466801624825
-2.2882882903592674,9.535658065409345
-6.670095344089694,5.071427222548724
7.028315456057721,-0.1510882984990796
-1.392814792364864,4.643533631129966
-1.431088294951231,4.542247725752054
7.133829615719432,-0.2428307608237672
6.927575530059426,-0.7367606736429082
-7.459221481027199,5.34845486953109
-1.238487180395426,4.219710389627601
-1.3923445120593354,4.594850264494933
0.6641002109935131,8.664734673795667
-6.994565169594802,5.131528410201963
-2.4739077225021315,9.333798488891865
-1.1615340233505076,4.476391950755456
0.9780575472342363,8.666291951699591
-7.093851463085299,5.015907279506418
-6.808662192523092,5.389460941131439
-6.777546627331129,5.143763301300972
0.30315509851376055,8.615097563056619
-1.788646156131995,9.524395647147049
6.834611098804979,-0.2385132817089173
-6.4778638341939505,5.171498689684625
-2.624539784809408,9.479421233325034
0.9172611285652349,8.431572967509876
0.687286474853416,8.695688536995029
-0.9480389965973882,4.676800657871623
-6.802126177095681,5.321827710423867
-2.1757607323358195,9.628438510290945
6.97501632856344,-0.48341736467305674
-1.2859006603883756,4.922426837348777
-0.8148195791197161,4.818426519791682
6.700335936082027,-0.37398847753057357
0.5668360154474417,8.938772875728924
-1.1805831148931203,4.471596051168119
6.7873837153554035,-0.2018459610286504
7.001413320248312,-0.3151385964252511
-1.1126014716616361,4.797682722415531
6.770396948811202,-0.21725353788635995
6.923707858035923,-0.28411467627450865
-2.3406546005774485,9.54836519979669
6.720154720071768,-0.3751795899467221
-2.1311000926446355,9.533648504816004
-7.337260224043188,5.240074122582958
-2.1439795570150615,9.517461803222494
-2.567548818892845,9.516315679972069
-1.4945470830447816,4.7550583834330125
-1.4491566418247996,4.8977991907151175
-7.14205577001361,5.001140002746177
-2.2411735631614156,9.747868160507812
-2.3963797093322188,9.573029161548092
-2.0824163652798835,9.188472941246026
-7.138508890946883,5.469439566775444
-1.121084677309089,4.515809984760593
-0.9187868184430759,5.095960953857382
-7.209786439379462,5.332841132328372
-1.3734740465017876,4.547963387670903
-2.1709923195513317,9.308824963628277
6.660225080191351,-0.32190679245675624
-1.4111163560881517,4.983671787929142
-1.0495805210441485,4.707721456387917
-2.122870459320684,9.483323217867419
7.034717184521104,-0.6384319889481781
-1.1768139952335988,4.652292663378269
7.216506818661682,-0.3415823218141057
-1.4013305291667892,4.748464040007534
0.7193138272574585,8.547376752717371
-1.2028324340818546,4.824965000111028
-1.0972708829220104,4.553337308847842
-2.351144521699344,9.296126494986009
-1.399687751472821,4.313743152481677
-7.002957377980886,5.1758843165491335
6.947928491796767,-0.45730829846749665
-7.0484591188347245,5.496563140117917
-1.4494504786779303,4.519209909514651
-6.753067614038977,5.0004951878011905
6.970905649358168,-0.29728462261114114
7.096947237466406,0.11127025455543171
1.0599011111225827,8.438147704903617
-7.060727928653042,5.4583313286392965
-1.1396180315781037,4.594018196715437
0.9179740175951807,8.767646012454591
6.839424644824464,0.0932905995419811
6.927194650477508,0.07101771809897484
6.819270846707836,-0.6811507900225076
-7.280335078378771,5.084775228538067
-2.3268153695594567,9.640450028717952
7.12139597658405,-0.2425281778694849
0.7770101426591387,8.805069935240475
-6.817632527701647,5.508048200498789
-1.9721274305084302,9.240953645716703
-6.715382540521432,5.439926278908221
-1.3263328699387078,4.552952789995248
0.6491904728902753,8.477246918217336
-1.8339703856255718,9.30673954194362
-6.708905201233453,5.318006680524158
0.5308285882048253,8.729066507214332
0.9267719673494832,8.557635350051592
-7.231729306612011,5.14114316857733
-6.800475295293523,5.0451062422116095
-1.1814850540828965,4.44447267945064
-1.0957075891573165,4.463431997502737
-6.955264039601262,5.552266249707534
-2.2050114916860575,9.531913598001648
0.42080074425373337,8.921854287027582
6.819172454089655,-0.5203812733710912
-2.061662069109354,9.70641635896645
-2.1390264077953822,9.292368531926023
-6.903518434747623,5.463201918164761
-2.356192366760905,9.584523536032467
-1.4469645019219115,4.789620296629069
-7.170351300907886,5.327525353991505
6.458994846518907,-0.35508008009257136
-2.5242366791730366,9.851320625092185
-2.202618868986092,9.478386844819058
7.044137538489928,-0.08707861793141847
-2.632779086313569,9.634800907872563
6.471170068996258,-0.13103719046466927
6.892116379221691,-0.1845328632171513
0.8119255161785263,8.767419133568517
-7.115962579706595,5.335876685502639
-6.612134659641958,5.10034299679021
-6.893313563823141,5.303901145226423
-7.035538273488252,5.243196069911536
-7.017443737869266,4.986166429727548
-2.4455265788760077,9.488220753339812
0.6414375338049049,8.785572421234598
-1.4905100550503556,4.572684074895081
-2.0569899279252017,9.282572300656414
-2.369898919252803,9.359595821748396
6.926420880264294,-0.7568657042686153
1.2614271019343053,8.707785320510393
-7.026850723259772,5.319853072338567
-7.123644102837134,5.326376016068257
-2.5672948552178347,9.617509969242574
-1.2864324012980246,4.876348363131869
-1.2600125525482528,4.91601063279928
6.9907262936698595,-0.4261684083637993
7.080134217170397,-0.2697213026610768
-1.5425359922217003,4.767117698210075
0.6772766808364915,8.183830265615212
-6.74513347698784,5.381707267332116
-2.0449478525448783,9.375942512512426
6.853443490777924,-0.13572538535517664
-6.87907608247685,5.291582124080811
-1.2726318942237813,4.801362160026894
-7.251939145004048,4.936950584913576
-7.094432596912024,5.35831049940213
-6.781848754570787,5.395170274262393
-2.2651366525118743,9.589652348172173
0.6792917251404981,8.78975009778648
6.68323016214756,-0.5355943374482924
-7.533318424362438,5.232672336674264
7.151469350038994,-0.5725367488856217
-7.075024062164886,5.579670425016354
-1.4538311269598478,4.490920632274229
0.6950235845150347,8.495804383525089
0.7441740355829314,8.730741625444217
0.6810665464792083,8.876866295238923
0.7668378882706282,8.414117447126785
-6.802486779366291,5.018181588562184
-2.5536936318788546,9.593820815005685
0.8218307259896744,8.636662540159332
-2.296361044230969,9.569430933128665
6.855370622700802,-0.11978729074957037
-7.23051655163716,5.38173784916956
6.925776337969268,0.03789559420471311
-1.247160264054726,5.123625260240572
6.719871173849857,-0.23636025241481562
-2.398933793572191,9.473648328023904
-1.256833404331262,4.905918245914186
6.93507904320123,-0.6716935516362645
0.5610348964773678,8.330591761322431
6.6589275919914765,-0.3550389708741151
-7.136295860348533,5.477171687762726
0.8832515322099769,8.676227333906132
0.7152905996574099,8.720402919364195
-0.8810032010721096,4.736751201804167
7.086151955153544,-0.4031111528363446
0.8130691423167866,8.781898535870855
-2.4111615097942636,9.46461891356609
6.923022486662719,-0.34041942304864325
-1.3551434209888646,5.054471312088405
0.4670333275909421,8.783839513663434
-2.6299621122062473,9.299198684676812
7.225908271450512,-0.7378158060216831
-1.8430079088278817,9.515091067919915
-6.780998487462847,5.105552166896521
-2.4658044333713716,9.609816165408686
-7.046588311773822,5.172646837557662
-1.3913044555322414,4.687168769577866
0.7803835106688881,8.54657941957568
-2.207799422580713,9.347678748512966
6.5468961861515025,0.01346037125111077
-6.717709232315841,5.340814361921827
6.8581384410373145,-0.5910955555684805
7.235905573504379,-0.1305794436445287
-7.1170282461592205,5.340448237936091
-7.066485307440039,5.2812262336197255
-7.153058758116239,4.847716948179198
-2.1168384893007066,9.513760325180623
-2.2815128930001127,9.77566283013628
6.930973629279121,-0.6500325174385329
0.5665888015453391,8.592289106110842
0.8791350167280205,8.57595190702721
-1.671388480276114,5.33756624693372
-2.127057187975157,9.40774044293336
-7.269753473477421,5.308426548636599
6.900562276483928,-0.41740684220167856
0.6999145128753245,8.449449169367142
0.38833821617673003,8.733382810975916
-2.2303143698455306,9.468445400749387
-6.636781657930783,5.217211215182922
6.891869975838468,-0.4581145077166525
-2.148200466808239,9.370946881080686
-1.6022504981378314,4.772980057919192
6.992582249268504,-0.3920081723833638
6.809857796643479,-0.0539030104802152
-7.024857941653608,5.360995100157005
6.672846124980552,-0.4660725182040917
0.5344548537285638,8.632752357396694
0.6465254080407322,8.913197323706328
7.074948340472886,-0.2358866018503182
0.5610354455602475,8.531874214524704
-6.9075877982310505,5.394922513522716
-2.1054623990335295,9.196738699173862
-7.052883301212114,5.181004201067727
-7.021856419235975,5.010166006196254
0.5976137720446356,8.88835313838133
-2.1427460237232667,9.57954593356766
-2.23461659411104,9.58897776222223
-2.245475745679056,9.460859016541345
-1.578459640953835,4.472943744512941
0.5751064947921243,8.88586888850398
-6.8616365258764915,5.26458252311767
-2.235134286600317,9.366289656646076
-6.82492211669379,5.43473055350217
0.5437123381311928,8.550791008292999
-2.1588596899185353,9.684204878910347
-1.3944116432613431,4.657068282076109
6.6213630392094585,-0.642950730682402
6.553051865526072,-0.20719853418348672
-6.818136734018146,5.420599747009772
-6.981460255191115,5.466413455632192
-1.1634217005865173,4.501802979152681
-6.971914138509277,4.984213888383593
-2.198746736260382,9.611683785264487
-2.4388957167163596,9.440279538694732
0.7030654150369893,8.837539203781892
-7.287500547144881,5.066312228378829
0.9069883287495357,8.624709261753349
-2.745341375134805,9.663269085007995
-1.2441662586125775,4.663978846490762
6.967122587551337,0.034058641799706024
-2.1658852188910553,9.622863592270003
-6.7114166331224085,5.44172659071357
0.6999757666756286,8.870063076348185
-1.1118507701251892,4.65679003435302
-1.1761433097070457,4.432888936116379
-7.0711375163299035,5.321712825459478
6.771059692922949,-0.012172747917383098
7.062854749301758,-0.05705411572968666
6.508949556483469,-0.07224729660293203
-6.687413995540921,5.2128754732464255
-6.953149574714864,5.076609026890421
7.019489569253564,-0.08863650522434313
-1.105838017267387,4.437910615642953
-1.1354408876515307,4.821451894153357
-7.0404913535358284,5.102015403046795
-6.874036474715046,5.039339883294493
-7.176508694582666,5.2541021472310145
-1.2506486367805953,4.893336559118741
-2.153049661867128,9.20459448331951
0.4492354126311129,8.28837707169439
-2.2154492566177617,9.510378114637781
-6.820059947982512,5.2918109156793305
-2.044120892930018,9.228360987495133
-2.365064981421961,9.416895889271109
0.8228599503476716,8.612207419198782
0.6209853730384126,8.780479475234392
-6.9616774012377824,5.176774775971594
-2.4406941992571816,9.785449447870835
-1.2484647120213377,4.743619977506246
-1.8647157456080117,9.818271696238472
7.012081571680688,-0.7934080941821999
6.816750369982935,-0.2962094441999005
-1.471628148903241,4.95461541671018
6.594226923006619,-0.39170896688367446
7.005190006267856,-0.000232411726638182
-1.889781814885113,9.66620382606724
-1.2884735513305736,4.378924607677345
-1.272605413764379,4.601608464307236
0.37193142789592915,8.118241177335767
6.896422940217165,-0.11802116054637157
7.360436707279417,-0.3605155419384246
-6.839645339983122,5.346481671183503
1.0628625796166409,8.825708172561614
7.022970269281388,-0.5702760843179948
-1.850221136471181,9.760640681534186
-6.947468706774162,5.119793370021747
-6.947849189799017,5.062648754364947
-6.935954802369362,5.3262745048534175
0.40727207081288114,8.973219762684044
-7.072499011912508,4.88885348454242
-1.1940302345003913,4.672681919501542
-6.754014271944595,5.023553313879539
-1.4711507522405198,4.767463552715414
-7.058320799856631,5.12396951897306
6.880910002122011,-0.484132206954452
7.260726216975855,-0.1234538601762763
0.6336916160697765,8.881968529982357
7.062161015731305,-0.2616308126961385
-7.154951526076535,5.231398775413825
7.086263329348025,-0.37616964603231023
-2.218252254739799,9.337568356552646
0.5624112298225556,8.555621975867865
6.951887985432864,-0.3886864708355346
-2.3328017148606612,9.6237815668429
6.898989113165648,-0.49483410430836927
-6.604468078124661,5.192087211959772
7.033227685724537,-0.1625209009467737
-1.2244562733140214,4.57038997596788
-6.6524908562362155,5.3006834935285685
-6.980004530442187,5.211465923736567
0.4102366210659278,8.53358358437349
-1.1070623618843503,4.907049790665016
-6.952388224047663,4.951717243459569
0.4039355355636079,8.297316100454239
0.8496336452982323,8.487109009165962
-1.13673439626843,4.877527626732993
-6.85990808913338,5.619455370033762
0.8276494142939476,8.628308567723536
-1.4579868533775087,4.8206555009169385
6.8966435847813,-0.473506747463454
6.824809638425638,-0.41711695879345545
6.961392205052983,-0.006917425905139496
-2.245797116307917,9.463194648792296
0.8449355948347091,8.41669232501963
-1.650959524796514,4.555802273768318
-1.2419988648409641,4.551380018564666
-2.218681870431265,9.474992995448474
-0.9969759436882957,4.655334694544374
-1.2348815384944916,4.622266858376286
-1.3615130905365178,4.827689619545672
-2.2547873001837764,9.478988240838794
-2.428379066355437,9.51087388320271
7.14377008901072,-0.14708022212207186
-1.0901117411583718,4.57061174990711
-6.4811420650443194,5.379921286073733
6.977063210640577,-0.024984866658725846
-2.20935325462831,9.526189963520098
-1.9988557632433537,9.491422581081645
-1.1873259480964249,4.653825775245055
1.037005279212523,8.4923992947997
6.991305091368481,-0.12841797017870693
6.949590540395183,-0.32079055587065464
0.4595064593115567,8.79801324564186
-1.268547908463369,4.709654272377627
6.821442277255543,-0.27735218316169846
-7.009651878648709,5.182853960243052
6.850024582083901,-0.2920128921564069
-7.004452200799388,5.261741774921003
-2.0837639952236384,9.510376268993028
-1.193008642232427,4.9554432665742
1.074171455542161,8.658787610851734
-1.3906489117348784,4.899858876601311
0.654005993917693,8.731557545057372
-6.9366446224144465,5.339028189835693
6.893397479411142,-0.5462762790662423
6.570752439141794,0.10714624661820066
-0.997900039514542,4.7153334812966285
-2.137995667716588,9.441525665526209
6.655250280782761,0.05187426739109258
0.2615453911278795,8.709666003275176
-1.3390962266735968,4.56728646438673
-6.919937015120184,5.39151499280643
-1.848006372957248,9.448782010809056
-2.211608264046951,9.229266423669015
-2.476699429427952,9.728174447720281
-1.1561976731569739,4.815597839403954
0.6027733357252946,8.457156591674188
-6.820279015245206,5.080171913246712
-6.72768088509819,5.114536216237198
-6.811880862866839,5.419248974439835
-7.007121816112603,4.83195533513233
-6.805952193969914,5.024006186082588
-2.2065712973039027,9.717299553469047
-1.4844430550608723,4.206741267167495
0.9096822830758736,8.64009971493223
-1.2878086903230115,5.041668728366306
6.823793088691933,-0.28167530864278967
-1.1708034770091127,4.860311379193181
-6.75863054317225,5.313520229195014
-6.758121456042228,5.010805858353695
-2.2382410078711703,9.723375091476262
1.020809354897379,8.483626541702348
-2.10726949827445,9.357250220884426
-1.9124249625088257,9.572449357541416
-1.1996758424046323,4.8633006811291555
6.9296523204519,0.05022682567840059
-1.2259917315489242,4.699560896843529
7.172198845905415,-0.18805627945894238
-6.631195807055704,4.96177282167433
6.804300592673066,-0.44525266134116637
-2.3945043183258488,9.626119410046005
-1.1087473058913666,4.804658279540822
-6.745519376320459,5.4428363720010555
-2.3039558004770964,9.738508927213035
0.49027618514950033,8.757723556090145
-6.965825255782207,5.0572101697716745
0.7326800353376798,8.787238934719158
-6.969915147354735,5.553673584686712
-6.836139688403328,5.155482470259938
6.784511257575558,-0.2656316293825428
6.86843929672864,0.002269129727350383
-2.1865480744456423,9.444368242996156
0.7708298627110787,8.606978225819233
0.5299575509892469,8.918593091390518
-6.673262775418446,4.777342847981625
-2.2762552442083774,9.570919965720359
-1.0990786836767994,4.7646366976380685
-0.9128418444376281,4.633394796338471
6.861479325290343,-0.20160324236422988
-2.158821677934078,9.446893045731157
-1.8922685279447733,9.70405534932908
6.7452747920809575,-0.011710784840954724
6.786314480718238,-0.19937373538743072
-6.856919621252664,5.159413022076943
7.3645503077849375,-0.4426328472656431
7.020347703200207,-0.18414002320859058
-2.289696943323582,9.529185166507919
-6.7610901386394024,5.123790647915523
-1.2471576056452593,5.032599552992551
-6.908544561699098,5.487257205230585
-1.3334865234421696,4.831675895558674
-2.181792703480462,9.725276490835409
0.24778720772613272,8.772111944749064
-2.2530274416043286,9.7130394813671
0.500137457176971,8.549884524361877
0.41611816885902514,8.58006516985801
0.8050921182327702,8.491590772212481
7.135058830216857,-0.11319601587287176
0.47498795488487466,8.156007661174762
0.5061996555094128,9.086807884024353
6.933080398977903,0.11962023022168566
6.698200378281694,-0.2815199953147095
-6.9552973772762465,5.002785406453731
6.694689420083789,-0.35784523877992724
6.41581271096112,0.07698475399922589
-1.0828035537460348,4.424158999534498
6.8579634751825225,-0.45742095072343125
-1.2548096035738165,4.819396389418747
6.951306629063141,-0.22871715387628894
0.8638919688063214,8.507165166805335
6.41764139957335,-0.05977967875289725
-6.941122426739689,5.1681316862472935
-1.4836604753771747,4.985215158939941
-1.3626848049213056,4.852274424860919
6.770804401742021,-0.29537592396038365
6.8810546974853395,-0.06717442362140047
6.468918341455656,-0.4088774833876939
0.6728179470130117,8.713731317026115
0.5254250952333303,8.41730059216907
6.822364937211292,-0.3724929504204478
-1.909201747638647,9.78369846000118
0.5421762088143606,8.7434260287471
-6.8547597678749215,5.187691215552673
-7.173580109177339,5.317364050474414
-1.4479176176994157,4.845558230209235
-7.244966520039766,5.482966206396822
-1.3065968677162123,4.879921239553309
7.2972800710247405,-0.5053442873362266
-2.4878800112041466,9.776405419256207
-1.0187467801587788,4.72799352802767
0.7814931585292639,8.584281249826937
-2.223507326135686,9.392731567194923
-1.366649102622003,4.513612302691331
-2.619208040946031,9.182613366680352
6.780937077062811,-0.12222438134399205
-1.4300306707791577,4.8982713664235495
0.3537749111833317,8.548905677823225
-2.3317793572096823,9.679665454605363
-1.551092290712115,4.609181864619707
-7.246733131361806,5.3353148113727
7.0189484065033705,-0.37139117605458954
-6.759633781343056,5.335219912257346
-6.492744539067204,5.4091140423025115
7.135560677317384,-0.2491648689586047
6.761682657862393,-0.6416921052132167
-1.7185572049137008,9.721898656653291
6.708660693519909,-0.11223488902874612
-2.497744874579013,9.321827513005296
-1.3037513313165159,4.482442800476157
6.826089074830536,-0.770922213466416
-2.3204765750599776,9.307451621594105
-6.797649775888231,5.180502517387494
0.40886732597590286,8.839245567650796
-6.893304759279992,5.132943028857554
-1.3000267739026063,4.759981604311975
0.483166287932731,8.435098908929469
-1.9514844632256751,9.486361264084357
-2.07292490556537,9.424703746034472
-2.5465042633791217,9.49179081999611
-2.604155214422102,9.795475843834225
-6.830416529512983,5.610883637516068
-1.3619831437615528,4.648307103931348
-1.367301038060773,4.772788481915358
0.814573607509453,8.792779683869329
7.23019622422463,-0.5504298446192759
6.916200626879921,-0.32611890540240696
-7.31868170110099,5.465919930450537
-1.5602564772563015,4.719356406225926
-1.430249942081647,4.408719512986195
-1.1538749071356418,4.983723711735288
6.904811830621348,-0.8371453405836621
-6.926406211063473,5.317349013767954
-2.3060937415459484,9.645959611429117
7.185775757018649,-0.5193157084549133
-0.7836206651000638,4.8397710471866615
0.6422960242495527,8.73523178738993
-2.563720727260994,9.591651209473794
-7.172247450910295,5.3347968576033535
-6.754503824368577,5.24417016281746
-1.2676499687069873,4.832056134431994
0.6346116943507407,8.558223744618399
-2.1440898788406906,9.46895778421991
7.0913811647329785,-0.03210223704825882
6.778310173544283,-0.4743965933278491
-1.9682810007276297,9.468966970824956
7.221754819645483,-0.11596708137169806
-1.4043535661168411,4.756180204274798
-1.181519747472339,4.655546349567747
-6.975162786315936,5.423651130158344
0.8267111914912999,8.956935714761007
-6.940544431660216,5.290872098788353
-7.062075670279414,5.151243305244293
0.8513885583834042,8.73853403667093
-6.914440947244476,5.287056885698802
-2.2719694396890127,9.429270680961784
-1.2270955988513617,4.818716328892627
-2.0645718623804323,9.489813344284153
-2.230249612958271,9.447613356495255
0.5311940701805048,8.94762880766701
-0.8636160420204361,4.76691708493589
0.7047609713868989,8.925191374023777
-1.0009156768107128,4.488759062271293
-6.693468002350804,5.513166756237868
-2.103002708579626,9.266653201101063
7.031058242732233,0.10905659913946097
0.6005030370218458,8.613323119331728
0.7011772569164013,8.759028711797356
-1.053508407081286,4.362351248614315
-1.01617731745263,4.976261180561482
0.8973029233978141,8.661569382963869
6.975024522081673,-0.5165173203376486
-1.4763620178116015,4.635673923901358
-1.9799563230642026,9.437924546065506
-2.278184411200351,9.684646727185484
-2.3971374487133246,9.618373549426359
-1.4586382893475698,4.976913685916927
-2.364648236604077,9.727102727999267
-2.0412559107982986,9.272239490942512
-2.1673155043503076,9.496942269464247
-6.804374148426674,5.705713217886648
0.9859332483210443,8.982194226702047
6.755374050569058,-0.40735199575932934
-1.0920181056905014,5.079947102766343
-2.1544870715096716,10.125847065070085
0.8630237937184247,8.84318996187445
-2.310133968072201,9.57053359660988
6.787154804711087,-0.06358822315145118
0.6795452896212575,8.74468102446974
6.974811081177181,0.06671460460886319
-1.1814663435370456,5.045865470543061
0.6226450752694145,9.001556101501423
-1.148977574040859,4.610185555441728
-6.764101981789219,5.317378275606456
-1.9965068338857292,9.36713128858286
-7.092840121392014,5.218081838813902
6.970625585193142,-0.49927024361344385
6.879299911938174,-0.2874683136016656
-6.399142337805082,5.367680795684086
7.1279860048913966,-0.0743020170203528
-2.237545131799067,9.65943928761595
-1.287066443896491,4.798961485357913
-2.011286131097403,9.279040014280334
7.170514942068757,-0.6255862473938993
6.674439522778471,-0.39025095431644663
-2.227727628734251,9.736223560215164
-6.558689087976394,5.403642719425056
7.0976219243588154,-0.0886355732052653
-7.037351312914684,5.1695837756350755
0.7792855464864432,8.659788294531982
-2.5331865585232887,9.30178543778915
-6.980438286545918,5.4464692908169585
-2.6103387736440817,9.091514431228948
-6.8617165567130805,5.056339151146322
-1.4552972113465419,4.690748319465734
-6.826860553873872,5.336745377544324
6.631854224400706,-0.5675513379866743
-1.1382960606999502,4.867632765323416
0.46171307438264153,8.538158932594476
-7.465369983767864,5.136261956676385
-6.943523585634112,5.540359866810166
-7.080487213739803,4.953249682308656
0.794885399707643,9.090613063253972
-6.984625240152537,5.197651932914499
-6.851337377077712,5.052918906166384
-1.3515601124172003,4.809610851913927
-1.3453373300668028,4.494437853570159
6.959234186205679,-0.038630290362313524
-7.145415122131007,5.163942153920404
0.5684838875619698,8.740470978163167
-7.0678625751774575,5.043998448034324
-1.1933965541568279,5.0822000667024385
-1.0061317136059098,4.6597033268198755
-2.198109896292908,9.440254060651947
-6.788809450551086,5.6726910927244205
-6.925666400366256,5.16229556684429
-2.529323150601669,9.88882176236965
-6.8995440944853845,5.490492122358229
-7.1619211928186655,5.406018948736104
-1.1455816650665844,4.794833271009865
6.884355557427092,-0.21727919359391518
0.8509999559647672,8.828062238084753
-2.0686168513274907,9.817832721788418
6.898974732750945,0.265724676550101
6.834501059802158,-0.24702105943057373
-6.864261652841226,4.7878697449107905
-6.953036806919853,5.056817638999788
-2.3329330047825314,9.536752441036416
-6.699269052942316,5.198384360581155
-7.174560784388717,4.923396370468927
-1.3238053078503371,4.747004828818397
6.8913856564371985,-0.5965875685486155
-6.9780137384098175,5.433474151462151
-1.7678517797489621,4.72665313258533
-6.908475768200385,5.280771495853279
0.680629163278924,8.702887543653434
-6.972652754675371,5.391231761661064
-2.1273086763037057,9.514128060412801
6.879702694760021,-0.1474548467412221
-1.3827589842921515,4.8001434479338965
0.7682754957582912,8.625823615910324
-2.0578231921533874,9.823393658584294
-6.768241079999643,4.9869757847655976
0.5966675435294336,8.551782856648122
-2.1237586753401363,9.712838788856299
-6.729435717156513,4.896981799958073
7.210475158894018,-0.28212799332941835
0.32098146072147715,8.623860754994945
-1.2024932767502188,4.4135457378703755
-1.434481690347291,4.774328356038615
-6.996691265846018,5.27008087835285
-7.184206414036009,5.063109273821551
-1.326964237205421,4.603583854141503
0.4720762080614197,8.806721203286585
-2.3865077414124585,9.255058569262808
-0.9008673477668077,4.951280838244436
-1.4569795617274857,4.6177352142676495
-6.856902089874297,5.092332126913061
-7.114475314163371,5.376183142646768
-2.4557233452426095,9.559401289751099
-1.358187348931442,4.586492414183405
-1.1775877912284725,4.921086160012643
6.80680154002136,-0.43363021890162534
-2.109861409021296,9.682930266122542
0.9633959679109015,9.171599929516619
-2.471072038596005,9.44589217909831
-7.212380854433284,5.268207974608945
-2.126537050737532,9.376590901815852
-6.664737125723037,5.296308274175522
7.054628738158977,-0.5144526546752408
0.7598601983181588,8.886549240472474
-2.658186285009387,9.463217844274185
-0.9638566494069618,4.603866173835066
0.4979307837928546,8.947089094378821
0.752679119244307,8.431564037560223
-2.070865431517177,9.161779699346235
6.7893068339721365,-0.2723862785926629
0.49280263071569275,8.703920912971723
-2.3700642396741345,9.617737112177652
-1.35187336370934,4.807336605320436
0.8520080654499887,8.572557870837661
6.852947527094233,0.07599922984961355
-1.3630808903184615,4.905228636848878
-1.0475983486796216,4.9851710444876245
-1.0211511677414125,4.786154697373313
-2.2123157601084986,9.81894103517565
-1.0662371319195412,4.784984805127813
6.890716175734809,-0.28562735537590966
-1.5101043844745923,4.82672262647634
-2.3329695937392954,9.690225107993285
-2.220813826713235,9.616942553624789
-6.882637732354997,5.082519176827802
-2.3537701885802638,9.477617755297011
-6.838390864587022,5.282400883360014
-6.971177470917333,5.168250256230925
7.007652430327613,-0.21084142822848453
-6.8647110068629384,5.760527469581131
0.5003880221119801,8.577466712105322
-2.5498592677327685,9.61714897022901
6.8341870007118555,-0.4675219976726701
0.7254958643232157,8.565140269628662
-7.280165108334629,5.37241637452721
-1.1423752756823116,4.482238097693771
-7.024077725357332,4.931019684675313
6.945461465618856,-0.42088363368967974
-2.6684304382159296,9.74581735145076
7.10667057447208,-0.1978281556027302
-2.242251209541771,9.42909326344782
-2.0726251615954925,9.521807398105977
-7.244335399077222,4.987735173347629
-6.9223905655031155,5.410955280478794
-2.5014463468596526,9.711391103503825
6.938187049032658,-0.42591560917737303
6.5592472064418805,-0.05211649513487493
-2.313457260437317,9.501355642834493
6.914604074290721,-0.215950624475101
-1.1382879889916075,4.546514477810679
0.7127351917878508,8.650368239687479
-2.05521651353346,9.243375938996905
0.7457962765781164,9.191887331812916
6.904324262082423,-0.4675922076285214
-1.280653264858385,4.733521729997711
-1.3505146734514806,4.4863683613617535
-2.301628702833163,9.30793699676888
-6.867967748530635,5.081028861503243
-1.9395769434214738,9.547249960823164
6.800091762598948,-0.20795061075147475
0.4100847871169996,8.761924392398608
6.7082129580664125,-0.23532471246801165
-1.9758141651828771,9.686693643348132
-6.773431279985786,5.332852781335186
-2.2980000835287213,9.639611228070155
-1.1629470384562428,4.8828025646035025
-1.2964792059230708,4.8746570124748425
7.043113335417591,-0.08628389245813042
0.7079413119463783,8.755468995476795
6.819485465021422,-0.6109455273729172
0.5463488839895843,8.585857272277494
0.1887596378729226,8.641633160393658
-2.428981051899855,9.556697264695199
-6.658240559016386,5.347790236270469
-1.5513807031451476,4.864482955873759
-2.513242489242822,9.338364399543337
0.5408138551520325,8.426748213342448
0.4603007820645437,8.621239947813294
-1.368002054677121,5.020615421529292
0.7169933714436377,8.502672183029896
-2.5093469462284284,9.483416675619218
0.8845533805403234,8.795020015994654
6.843531569754055,-0.23514604720518215
7.1201754946811935,-0.5726062260059612
-1.4625162404553365,5.011668600984082
6.95417059555222,-0.06149687056252773
-6.914722431361187,5.270531745658782
0.7447540263741077,8.808915978566313
-1.2439935826974122,4.750930347407208
-1.0479335359099045,4.500566934774754
7.283894828055211,-0.31661257456437253
-2.126515687302009,9.72053383857233
-6.722756162272427,4.806278805533153
-6.984026539038635,5.146386714630764
-0.8655446636546098,4.707266390942833
6.7829542795030395,-0.18396623445395793
-2.3759961000176375,9.545671068347477
-1.8591958927405636,9.319778458378163
6.902199657189521,-0.33202747383315234
6.672548657491809,-0.6686864924589666
1.036354090450581,8.6073288973267
-6.7955950661799465,4.977828978991113
-2.084082598260458,9.56225554923786
-1.160982720904191,4.318007105136201
0.5765468774428889,8.713149006177323
1.1295848728455102,8.698376987601822
-6.7773807429721415,5.4434405680422735
-2.1086657832363405,9.231619278765587
0.8624088924370299,9.152654825685161
-1.0588501024438406,4.4598672747076575
-6.662446437048314,4.7276360900627905
-6.655599128190708,5.457336598719829
0.8818125222084814,8.721277242412691
-1.708012540901361,9.514783395229122
0.7441374726142176,8.527117394502357
7.179021123053054,-0.2261321036861509
-1.2419600266148072,4.580918337387804
-6.906021286421165,5.543473101968298
-2.0785006040751113,9.451576237416122
-6.757496337705369,5.49013371494989
-2.248120150234726,9.489121564642797
-1.2248453361956584,4.538273069509875
-1.6942293933544066,5.0403826768538345
7.204862099380585,-0.3818491573431462
0.5993325255317858,8.312408699773624
0.8080112174910052,8.259728539608837
-2.0468347987243907,9.473335871313509
6.682385081516901,-0.3876185734670196
-1.5103380080245365,4.807363639679381
6.684167290799033,-0.406936582561439
-2.1579839763771544,9.413099689281879
6.839078335853812,-0.36480439443755375
-1.963825863463141,9.50220693245153
-1.5797473678918608,4.921604179964342
-1.1783346605465683,4.550765142611406
-2.445720686686182,9.485359048847211
-2.4532740012576966,9.491769416968141
-7.086793207005151,5.230855931969806
6.86712544554644,-0.404525189517147
-2.2338298336598545,9.175025289419084
-2.5581362227359614,9.74291873307111
7.290867424594877,-0.4923263929664967
-1.7561577240493373,4.67489744731369
0.28930763871075915,8.74160847201226
0.5450448842617461,8.556192252575089
-1.7598226431249182,9.286589201146205
-6.840980894626333,5.109847582241118
0.8129919766083904,8.576374983668028
-2.1157405859299763,9.490022152475676
-2.271670491106228,9.514027606553245
0.46580676564484536,8.476419270411656
6.813940174144118,0.07062708891791414
-1.6304646375509135,4.432745969968616
7.109005651360097,-0.3414885907757517
0.7152335440223692,8.681311981910378
-2.399748805484198,9.390725638624335
-6.727657764248954,5.336795456987741
7.2231260609887595,0.1004454990293242
-1.2375625745230112,4.861213329858375
0.9291783250625469,8.994785444730526
6.720829929147879,-0.22274607394058193
0.6467290374072655,8.756099350223204
-2.590024696962667,9.667313421947515
-2.2693464300130697,9.543725260496544
-1.0454162245929761,4.579558212979563
0.4982634366366152,8.815602823385287
0.5694047256371484,8.603621493632218
-6.903194813818671,5.325689568903477
0.7555574231037555,8.546007559827807
6.625456080025443,-0.1918894315273716
-6.9120226354222325,5.214109544401867
-0.9849720340769517,4.611785775584119
-6.715207175225105,5.487308702156923
7.281014714688291,-0.31063783447036897
0.6062195160813804,8.668431517379108
0.9750759224680259,8.828921153086702
0.7505673895729427,8.441719166298519
-1.0821649674744658,4.397796071874163
-6.8947045155693045,5.14567683779191
-7.061252711904409,5.173459000489702
1.0018518947207655,8.9177228424222
7.121488924943232,0.028282273909105315
-1.2186484674880567,5.030424773980525
6.849961822717722,-0.49537768553489014
0.6461073869592926,8.172940010690901
7.3061138804533465,-0.20334787754281727
-1.429996168217174,4.508292797727665
-2.2812079875637736,9.375766565033102
-2.312910716973907,9.301342265719883
-1.3068335359625414,4.3918854835405465
-6.878997062588971,5.62006133991237
-1.4694133825640134,4.5796717925032775
-6.7151964525615355,4.9087034766482205
0.801275505094166,8.735926685884923
6.671114221336768,-0.2323056533024721
7.18255870041683,-0.027152925539332573
-2.4855238116168397,9.276558309141986
-1.1150026963401436,4.662914825766908
6.803883291784255,-0.40000426916193854
-6.92543044524949,5.354592964675902
0.4638187642926155,8.491433459690844
7.265593903226871,-0.29011826938441787
0.8625328960240568,8.446901056269263
-2.313045906099396,9.48919525018159
6.869313673980386,-0.0634203828298586
-1.5284415668814417,4.654763678517424
-1.033840898702823,4.416475421059037
-2.04114909203473,9.166818746451472
6.8251467653499835,-0.5538947102130898
0.8203443637291373,8.128317584967904
-0.933093691509824,4.860764907719135
-2.068180158493261,9.856608770052034
0.6558402981614198,8.838019117245368
7.19418628832652,-0.9162365688304723
-0.9269531805906067,4.645769833272355
-1.2242511111141914,4.649568663087765
6.842808780987774,-0.2550727458167855
-1.4329589003012875,4.594549341273588
-7.27904679338726,5.24746154519497
-7.044352783245295,5.200043516395975
-6.917242178528879,4.890488675693029
-7.187826046850404,5.644405294738603
7.019882000487459,-0.4118028978673443
-0.9080620395400116,4.867653168656882
-6.68141568661402,4.814472989089097
7.387570860622723,-0.04797344963491196
-2.4623333946741592,9.743243058713759
0.5169297063022416,8.401981723096368
-1.9994175650647907,9.065856524513425
-1.1054909880557175,4.236474689524776
6.8032463986535845,-0.4720468423304125
-1.7500443527710603,9.736211986419844
-6.822629290966069,5.058313896099999
7.242028200961575,-0.41154103598461267
-2.0124468738407035,9.555046043882411
6.885537684931435,0.06495280272014392
6.903708716665596,-0.27009074713709774
-7.122852463448807,5.152329353628766
7.138423242931836,-0.4110170378522542
-7.078796162219666,5.170335946492581
-1.1654845131890457,4.903206633353931
-6.537727843736648,5.368588514163117
-2.2040527668254617,9.916882149172109
0.8552068203412466,8.162589338946157
-2.5843741783060117,9.940767766524008
-6.87361343072734,5.400448298952128
-2.1748408123086698,9.81065367025272
-2.475521791835376,9.604347483219989
6.868906048576275,-0.6066769015003912
-2.3073532909369887,9.33000165758885
-2.416447489220969,9.62712246554646
-6.632211426559189,5.196496031313301
1.038786882858748,8.67954387718084
6.949539639513983,-0.5976478884144331
-2.0508950580114718,9.698047134140756
6.8519620572468165,-0.49334188121364353
-2.550982190526778,9.574191909667146
-2.1922652287251045,9.686803375796393
-7.08691149877701,5.329870163278111
-6.628313332604945,5.308196347562494
0.7452269885024598,8.69420967022025
6.875727231786483,-0.24166164655482983
-2.4154266514121505,9.766036949114481
-1.1168623714657036,4.664875918760922
6.814601034902698,-0.15184391909682726
-1.950311828193257,9.161101132248291
-1.2261655760193777,4.799555501625143
0.6379314487387979,8.898401251294887
-1.0676930572097862,4.538672639221718
-1.9217586198482213,9.63963999057288
-2.4816393133982206,9.758819642101614
7.20064971977402,-0.24837535834275198
-1.1782107222413298,4.885247642938403
-0.9105042981043274,4.806466391829256
-2.4226576790272896,9.618452726843916
0.6309329145140053,8.575938473135889
7.014997740134724,-0.4852148060937882
7.01685996236909,-0.3303412907186256
6.854407404892384,-0.5289303377852557
6.728408495177677,0.013296143651900905
6.958845747112454,-0.044762507326366024
0.4184121633047284,8.773205639043157
-2.6649566957321915,9.804033528996193
0.40606544413164963,8.330959331531858
-2.158507557260478,9.472900173905765
-7.004046124462267,5.334066419977953
-6.806071623121463,5.183640613875971
-7.068299420783419,5.63194097416758
-6.844738394540005,5.183018696972476
-2.1352399590014675,9.397043439800681
-1.3885085700373878,4.769008836855441
-1.3424010962920736,4.702276596249412
0.4883959907820653,8.996925641565808
-7.187153375297025,5.116218253003632
6.770197435007756,-0.14796102954130858
0.7026135178761043,8.960481698238304
0.5763340727129533,8.508676171857612
-1.4934618168105405,4.845108580824165
-6.975344312820111,5.129051505034683
0.4282810454164332,9.193013613448912
-1.5506358221694327,4.8583234649644025
-1.0004685337439345,5.238151528312676
-1.0613383734881539,5.049909545636589
-1.222619388858411,4.718410610544498
-6.752350767617733,5.050727181805721
0.5227850347256939,9.082581690388857
0.6628331671571503,8.597360033472706
0.8532224006938754,9.064218757833466
0.6247675424849298,8.172063436803363
-2.6755038271965796,9.497954047485916
-2.3042940350039975,9.503162363760502
-1.3265449529771025,5.32751113331401
6.951950243139056,-0.21458501233035254
6.816801936289293,0.04494001990397667
0.864406118209316,8.641634886156242
1.2026150073310242,8.543128980693929
-7.352708909372719,4.948964259715895
-2.2475032720365458,9.705063478476092
-2.2821173439488613,8.995638598880033
-2.0319519692078747,9.590383636432625
-1.0432832180123333,4.800489153275131
-2.2844710117580966,9.589034335539457
-7.40976278182814,5.379369318414347
6.927729844980246,0.026018118170376525
0.7318284301991469,8.424845246737645
-6.81415062069146,5.185613306096335
-1.1378967653838727,5.0662407226231565
6.872599905506384,-0.5549630406715811
0.23729176274611125,9.06329763470413
-2.4166849987994548,9.404303437166552
0.7140432653215569,8.72093936732547
0.5490819807337836,8.607029463445585
-1.3240899633180976,4.806441213956566
-1.6005943626783252,4.966417435394552
-1.4088715010657369,4.554464536795707
0.449962746733511,8.382752875186153
-1.234047337606885,4.796058922051609
-6.794791298870397,5.182154547127718
-7.147534590272233,5.051462816884024
0.6687581368231869,8.663360819655534
-7.278256888107929,5.20751802655782
0.8802842697051809,8.064357802183048
-6.725284398862177,5.424744994639631
-2.2297087366734214,9.242829063304121
0.846207890966984,8.275072491592104
6.860603320070205,-0.35160018922848524
-6.942879457281227,5.428616928917234
-2.0624283019453764,9.573540989699227
-2.1266700925380944,9.799369808581359
0.7421606489556076,8.59443775489864
-2.423634071279841,9.489848285198248
7.270792246112667,-0.2839348232895121
-6.522805628220308,5.273842635301606
-6.666899396987776,5.086837224633781
6.782475635747166,0.006600193734948523
0.7396451189141938,8.876170658460163
-1.4138709871102684,4.412896882812226
0.8308556512070666,8.667858480868107
-2.297164031625315,9.759959103945041
-6.778231861086962,5.041560111704981
-2.6159916043504046,9.318459354960984
-1.325202587255899,4.502070978647952
7.0314780489191815,-0.2749888115853686
6.939450881933197,-0.12339510315455593
0.7883129216734386,8.93741443791329
6.552401679762455,-0.17019555962871824
0.7512292855489003,8.599879261765857
-1.1675206397207065,4.667998624138857
-1.9928833890506406,9.250693839156376
-6.749767536683329,4.969771220465201
7.1632860543468135,-0.3871423503822072
-0.7902771156980541,4.844721269871143
-2.2819707344632714,9.584466978599988
7.077561670767051,0.023989069230063553
-2.0692271305384997,9.418681791267852
-1.3854560715446715,4.7842236463458265
-2.3548267782208607,9.386195230766308
6.88676871908308,-0.19335685637721894
-2.697723800980161,9.659922615934633
-1.9329537577163802,9.657638206095527
-6.764441172466465,4.999627346212326
-0.9234764091514291,4.592800868382886
-6.557408678250676,5.271624152676893
0.7039375548789144,8.916816740184647
-1.1258262380473074,5.202084132560485
0.6809626499557477,8.576447590502507
7.095562001366567,-0.36640735569120153
0.47473701868071516,8.528253899408968
6.902252027973385,-0.5351319311440814
-6.813236621241723,4.981708782323776
-7.083979563719323,5.156885866404826
-0.9188896470784913,4.607926789580976
-1.8433945905384865,9.571411202859624
-6.833022259678581,5.357798955333172
7.356658252097148,-0.43962247917926134
-7.108497299295126,5.332395629436564
-2.3982390744727557,9.386396119034186
-7.341041538589179,5.068966802487516
-6.7490640941988245,4.846175848183418
0.24015514858212306,8.722637453114197
-2.006941443050389,9.145625942050055
7.087927530452317,-0.20156919945481838
0.6978290413827652,8.797956326007688
-1.050476616923576,4.451620818728768
6.898253565817073,-0.40455506957365206
-7.053924783122769,5.248148284218887
-2.1844826647234012,9.690417949152481
7.0167474305735125,-0.2713909943470064
-1.2572341981874153,4.64565886377997
6.967504550962162,-0.09394201152084328
7.089432188549044,0.07982759719355526
-1.9649378587443254,9.357189295949551
0.6706863625988225,8.76611769560975
0.628482138685228,8.565032825685735
-6.884158303163293,5.251667100505316
-1.4909550983617126,4.7306441269295
6.990344714482082,-0.19616726315836813
-1.3185691601423282,4.997360104245095
6.959270609923133,-0.3329629220160427
-7.027280708214686,5.103959275649093
6.856426098038992,-0.014357437165005427
7.028221535584312,-0.25475632344446764
-1.156370845177973,4.944279839399097
-7.133159114475162,5.072340349852879
-2.1956550192986115,9.233939535951821
-2.0653699781810295,9.41377630243895
0.5496071354002621,8.374052378408978
1.0787163605765595,8.953976982407292
1.0427461625028027,8.479116471914542
7.00660921338307,-0.2686163928953368
6.7209358246079205,-0.1989639481126292
-1.1155553607918958,4.74704257462188
6.765184787417966,-0.5565660131325341
6.417555460670916,-0.47012377050107423
-6.843927831367656,5.206604283692607
7.292608940550513,-0.36126959366508204
7.227659833913336,-0.5811990747614476
0.4313676687626104,8.733793216956464
-0.7191944997348104,4.835133201493061
0.39697319377795914,8.59415723868352
-1.2999203335115281,4.702186562411137
0.9666693670314086,8.644528912184128
-2.325866294818783,9.362276332591321
0.6896423563150411,8.779110913066623
-1.447069274003038,4.697565323069335
6.633619048986488,-0.5355425533467371
0.5197851719118908,8.79525581720141
0.8054823219101084,8.990051378127989
6.69846370550508,0.029339399010268274
-1.2571350849462615,5.117098606646199
7.166196319911828,-0.22033135536568
-1.342676027424058,4.535572272814851
-6.649224555328622,4.763130471099412
-1.2574620044628584,4.837488876336044
6.975082766864983,-0.13863740825397267
-6.873615289773543,4.969508693605423
1.1188405250497921,8.832945899489319
-2.285888444272418,9.429377358110289
0.42549223184787077,8.655874221456179
7.106789209357347,-0.2444605091041896
7.014907757978351,-0.4414725535480754
-1.0765530586069063,4.787832813856202
7.304861098824721,-0.4080569199575023
-2.399653052854473,9.402223100103479
0.46412773738346125,8.881136625898822
-1.2994456059851123,4.81623238529494
6.913184534257083,-0.7428610615233346
-1.4045425445636632,4.38684592431814
-2.342518657700129,9.491082766768558
0.9794275815406397,8.481742127904347
-2.4795375789821676,9.155562308020125
6.888062090829736,-0.21880760445890357
0.695861660006133,8.583966469627551
6.892589221184355,-0.39347566931941536
-1.0829809288793106,4.759511534373349
-1.5140253208778318,4.398328549528019
-2.1795621412481707,9.44890554308055
-1.24968547291373,4.708285860401461
0.6372264475483466,8.596835328493663
6.807276218357028,-0.3582643249644115
6.99308088533901,-0.209496905132179
-1.783346817329992,9.204425343962876
-2.1029946555825707,9.440133735418893
-1.6963523875696993,4.76803027098542
0.7840037448907137,8.272578499518897
1.0306133508325972,8.638779395064354
-0.9381186757441736,4.5222258204151
6.999681832389421,-0.7123857940057527
-6.912200442027525,5.273276424472779
1.0068076958195,9.031135897231595
0.6279108347121112,8.56427817177184
-7.006995441267914,4.912133095020454
0.803021447117632,8.527594439580342
6.838379871563098,-0.49976990574213764
-2.0121698928497382,9.637971603799665
-6.867413279093483,5.13656676816565
-1.1385244004605068,4.668124410439151
-2.1841075524359654,9.720316781653056
-1.4759310043891845,4.669724647886193
-2.0982445302496298,9.54652612623706
6.877599002672423,-0.35005067421473657
6.838898502835699,0.02652888672447251
0.8304145928445364,8.65574075285657
-1.420561840059669,4.760523498570239
0.3710986916597201,8.819084561994394
-2.169650927732616,9.112490123099235
7.023353150464209,-0.20978939528407325
7.202461044436907,-0.4033124151351804
0.8802361596137709,8.685561610923678
0.6549335853184665,9.279632039050966
-7.066671906520458,5.110459877065528
-2.6741214813908467,9.679192436985655
-7.082277468594953,5.044743816716096
0.7463143277645582,8.865258352137044
-2.0713895896767314,9.053008638969127
-6.649769374124156,5.9498326783523705
0.8629149511370344,8.777343618417252
7.021251957537275,-0.6406945917767779
-7.177312941294766,5.1551155662202115
-1.375506591740096,4.850813804234209
0.5570414068113376,8.626421057845636
-1.1868483020480116,4.640226785754003
-7.247523685713233,4.89157687640061
-6.933511224008672,5.402676928084366
-7.0460256958049,5.1691373187768
-6.4688268126663235,5.366009036064699
6.868885091381858,-0.38132187344033996
-2.0984585824677304,9.494862490705646
0.22801599834805203,8.439956312228757
-1.1987921171278855,4.488613359971079
-2.052538097907239,9.496098495345592
6.80993235296198,0.018211957465768536
7.081477299148306,-0.22088785366728003
-2.292406064857028,9.528775860974099
-1.479498229575801,4.7503006900208495
7.079675708760076,-0.39375582174170964
-2.0996151769383036,10.230272729333475
6.971784285183998,-0.25710080947361136
0.669342626916368,8.588698267271143
-1.4826246435788284,4.966523683020596
-2.1328901423163265,9.328392762693266
-1.2994674843931404,4.3371505560578365
-1.3032247308230764,4.625473689367103
-6.8399303321800815,5.464621171106058
-1.47390158166942,5.07093413703502
-7.125304075076277,5.273558268592628
0.4048067168069241,8.806558910947812
-6.866941438755995,5.005870100416288
-1.1008660863846735,4.332739641099955
-2.4904907557800224,9.49486608057224
-1.3837874544698967,4.762215127123559
-1.1952860246474488,4.5305186157725394
0.5955768007638107,8.545375547871073
1.0332667884487619,8.581813456334057
6.624994870568841,-0.20429582583225986
-1.1326329879657924,4.652345358264416
6.790383849213629,-0.1584299778241021
-1.026588891496389,4.587757568394367
-6.8277414057315,5.020418182910541
-2.3376287283566213,9.580185676578685
6.558182579928891,-0.1926912316283208
7.016395840301501,-0.40147438759483745
0.2651687844259622,8.698782466747062
-1.2448965548635997,4.646279831100255
-1.064181498448432,4.697836987501469
-2.0680006066451955,9.34791323841096
6.877782705117057,-0.37110394871630065
-1.5800572415452687,5.036753141086531
-1.372837607058562,4.557793794788969
6.821280040377589,-0.22281746582383516
-1.2198715690230146,4.903790932556067
0.8348013021932045,8.782687100951069
0.9994791564905743,8.697148386207186
7.122988418527853,-0.17417536210237505
-1.1248727656163573,4.628643763446518
6.54615307725294,-0.4347096167249739
-6.734602145325015,5.380652379085693
7.009632831907146,-0.4779566926177209
-2.132035043054622,9.639158985137861
6.716440426945456,-0.35945718785366904
0.7109853698235874,8.623688052873582
-2.1003688071577473,9.534063044481526
-6.7578113428702835,5.087368556805926
-6.787403411007361,4.951989163966053
-1.458765317124986,4.8260864986146474
-2.327074794422049,9.412750758582995
-2.3515788274896643,9.56074760238803
-7.034395352836084,5.157551856730781
0.8278561317339457,8.617466808967817
-6.595377743285845,5.263108720564816
7.248220258985954,-0.6359148511781161
-6.578003845387377,5.299156275371033
-6.578026524275089,5.392087706087844
-2.2202890648881075,9.638361677258674
0.6345158131252406,8.712683620997728
0.7574240999011874,8.6220859171401
-0.929214295199216,4.8297887662629755
-6.838831596333466,5.092653762831487
-6.9428962386472035,5.268933930008819
6.584871169646159,-0.13446055662748124
0.49022415280564935,8.646032930204782
-1.1889402189332394,4.567531639698215
-2.4941728979159286,9.398125559147708
-2.593874732661829,9.312334566237858
0.6748101619736419,8.651574849044534
7.265211159479046,-0.419950120499996
6.796977733353255,-0.5563270979080106
7.1378426094870235,-0.47366697827443077
0.8127328204787683,8.63728947660347
7.14396489685076,-0.1221179879558634
0.6353965759611695,8.90147126895988
0.4842962838569024,8.545778380565368
-1.4116925030463627,5.042318822776207
0.19097615950376717,8.662420175853272
0.8449011322035752,8.565851795324171
6.99645801897564,-0.36697293079922133
0.7447355815537842,8.372979397854442
0.7845578228714557,8.671306936011218
-1.724123720711936,9.378574890484899
0.80369666880699,8.591895455530794
-1.4039677913081385,4.699007843266258
-2.3266405513737793,9.390449679627402
-1.613564291291395,4.881684085427805
-1.260306865215462,4.709659729638149
0.5203689865380474,8.484374511198746
0.5480412757346497,8.473028992704517
0.5168775765003719,8.620079631121628
-1.3185783625104417,4.893691426849214
6.922410937345342,-0.23296109724100822
-1.0912757524368775,4.910396363125343
-2.522555271389396,9.608429901203827
-2.338367012424206,9.214881259034076
-2.0650915155062672,9.304824392572247
-1.1272686680812036,4.785893042984747
-7.0315990573744,5.445023767790598
0.8919405093212791,9.022851778355866
0.7213149881229038,8.646086049098773
-2.2365482794910188,9.63523680312863
-6.910431054840451,5.148844949236679
0.8395275474126163,8.375615721655022
-1.3441150623143603,4.381721711159692
-2.223643324370355,9.240699132940803
-6.902634588079161,4.805222377095687
-2.09278119767965,9.615595401289704
-7.124163539554679,5.268766668952389
7.017187028480696,-0.2381458106685167
-0.9298782828836349,4.825479365491596
-2.0296611650832803,9.705918908926089
6.96139428414191,-0.008883183740665379
6.885925197453825,-0.5260996811040132
-1.2810250968173942,4.782316018231981
-7.032253958105278,5.519505671148408
-6.956991902986509,5.3650330811445945
-7.18237889831561,5.354329764359422
-6.844354572594703,5.350764980364455
-1.371960893418647,4.948266369813037
0.9988726145071335,8.160768481449567
7.098312110426751,-0.18851825965136731
-6.79191255487613,5.063248210695915
-6.956723341564203,5.078282207519636
0.5757472764251395,8.369083235981357
6.994493674112215,-0.549483057318169
-6.9336677262218975,5.587774236066062
-2.3597568885415434,9.445294785452669
6.777919959800753,-0.45985040563674057
-1.8574889886227584,9.669966762336468
-1.0620647164010304,4.821188278888178
-2.178220091072319,9.568254047527551
-1.5674582493340696,4.346947498185039
-2.315193465607452,9.427909227731739
-6.902310027370185,5.235224487837424
-2.385483293406576,9.663662329519438
-2.023596913844668,9.565611985656991
-1.3288200075872298,5.060280295243491
0.3936580269191497,8.5827305673004
-2.1796813831666664,9.619400521560623
-6.8987216983549144,5.296411241990979
0.31342605073974217,8.410629257553278
-2.3050166740273155,9.254799776869026
6.7596250474494415,-0.49515697157912714
-2.220078668516581,9.588764746479752
0.2875854723328358,8.397941149712201
-2.1213627910376123,9.618916973186433
7.119859840703012,0.0223457903036115
7.285552316378525,-0.42423249385046785
0.5288911249530192,8.690032379368668
6.812510304926178,-0.12065501892911448
-2.316672670144714,9.677683456308134
-1.8699189846546207,9.676800751832644
-6.882732756747484,5.092878686233136
0.5050070246204496,8.665363848224622
-1.5783473049954848,4.65169145532932
-1.3541089260244934,4.619996036365772
-6.541657472675704,5.363664691318518
6.770623258273146,-0.5606607044584164
-6.615562672995933,4.966943735965165
-1.3994359697074428,4.710950988202218
-1.5207876140725283,4.856007075306379
6.964407066234662,0.019023253474167556
0.6036407067694651,8.720039289558091
-2.0676124479196463,9.880447187671782
-1.014399499953797,4.731406028454021
0.5139478286450858,8.831028773545126
0.7653292037057965,8.575783078009831
-2.3514969569013675,9.595820123079116
0.3424246804892508,8.276727346226465
0.5241572245015361,8.786519829767053
-6.863941169807931,5.3670558105437
-2.2951391647396804,9.424480079843882
6.907829553999702,-0.20922257708274522
0.7324553114319377,8.933363793560291
6.798912030807511,-0.1777509244682332
-2.1269152301826826,9.274505525221839
0.6540151553643018,8.703055112675367
-2.287991459180219,9.444690303302295
-1.646198369547816,4.951889825696352
0.4576685013608004,8.548871252361465
6.545762732808969,-0.24518534648650517
0.918175727598866,9.243170125261116
-1.2444013691829554,4.631078962488466
-6.621097295684045,5.357610470903112
6.92695817185504,-0.15607135764990174
0.557972476308762,8.432364368542734
6.726898779900497,-0.16580712701522607
-1.2694071956072681,4.512165768580507
-6.788397160042133,4.926538430722959
-6.7549603581602415,5.115954829444259
7.23596256589046,-0.33899430702900646
-6.641119260158815,5.270331497626609
0.39907431739306337,9.070884375282548
-1.1894669126798783,4.771798039850994
-2.191135650137979,9.683944017831958
-1.1693228539510558,4.694063363210833
7.018724871966713,-0.3612459138684339
-2.122387812136003,9.565189242905126
-2.5677830326565814,9.505008004576169
-2.508920920646374,9.511736338331776
-6.930226389509258,5.643238218185824
-7.004051924754533,4.797423118806758
0.695402630880561,8.63406525567981
-7.092351600977269,5.172965164142271
1.2733247065473923,8.810449266214523
-1.0167909431025755,5.052333584377398
-6.635373412097426,5.199570795425528
-2.127856641339064,9.560692795374822
-6.824111075260828,5.363189574909936
6.818701438568336,-0.6157612773424104
0.5781959043844549,8.66169613582063
6.999743236600253,0.02493637582953978
0.5227029393083492,8.832559885842153
-6.788292986489983,5.361570977138184
-6.907976532164161,5.288193907256135
-2.061396517306347,9.345038586365174
-2.2346934983891424,9.377084242550795
0.9070509122741283,8.551735748824743
-2.3877608140768927,9.593870183923348
-2.199706932940956,9.299520298792425
-1.3376582576558766,4.427893035568475
6.832110270778424,-0.10724895587785419
-2.2585291407336525,9.572665234545138
-2.0198072144899832,9.727444125202826
-0.9494972089926106,4.518170158207591
-7.228066036396099,5.267367152878199
-0.577131738583423,4.646176462229718
-2.562752018053041,9.679732846157243
-1.9589641376449087,9.349837417983322
-6.8657624392460725,5.23772832716933
6.91419840590174,-0.4559348065107127
1.180182200169004,8.428199226286685
-1.9876518081881605,9.45577766448834
6.86359053164326,-0.13294904393122348
6.653953361617334,-0.3373453763757408
-6.975744854362301,5.20912299859887
0.9601080227578906,8.910775202662963
0.5480527338502224,8.511412270620063
-2.366080487982635,9.377459217457504
-1.3463553497988272,4.722323118705885
-1.5229980436267185,4.5045075511299215
-7.115762992953169,5.448514914759878
-2.5081557021811713,9.349475193163967
0.4293740040726183,8.312020303619114
-2.2570027932765244,9.687487303575042
-7.306496468255207,5.368476517901426
1.0995805748905632,8.700577421767571
-1.1897924495903058,4.8186737020054204
-1.5274493486421061,4.859401949940921
-2.087873094840268,10.181850491638194
-2.0801357083848235,9.567008807878898
-1.8784371292745567,9.507684513629085
-0.8471149282464152,4.89507702096406
7.1173176442194235,0.08132139820767192
-6.97463880552653,5.068719852605906
6.873451800977735,-0.16961542500907162
7.045262132196062,-0.21506354444737524
0.6937409769548223,8.623540562998874
-6.7804290140973675,5.563274725486415
0.7652289972026632,8.433275963284691
0.6945675521589141,8.7957744476192
-1.0096551424372104,4.678421382090892
6.842451818357096,-0.0014718064371182504
7.02094550521633,-0.2631938179422512
-7.1718684398866355,5.6166875837687895
-1.999179586223437,9.694271077249596
6.883799684753531,-0.042920589486930505
-6.916390003167675,5.1577962099999874
0.9398809980042448,8.668043531977057
-2.208641926996799,9.152463764048658
0.5562723477529047,8.38929445678141
-7.009847314040876,5.485380382200409
0.6641562167710663,8.65890735647037
-1.015109682058355,4.6190355758794155
-6.763611263171221,5.5487431189945955
0.5637555541534098,8.36833782528397
-2.42473406626242,10.019596784382188
-1.1256702563101693,4.968354749978418
-7.118333110060836,5.072340950844801
0.8469299620836918,8.719565715001146
-1.963090839183563,9.507110796480559
0.45548083931812866,8.31401708477033
-2.0820143596145146,9.58136311119699
6.7810886674643935,-0.6511620835256167
-0.836480150241569,4.56275017508997
-1.8811839639653527,9.547446847335733
0.8662903548179817,8.435206405784353
-0.9522282851390558,4.893477110003607
-1.1292116449041318,4.741367803871474
6.898504580643763,-0.23862185744394124
0.640585777701658,8.972161692702196
0.4142683923919475,8.869419823328972
6.844636016547221,-0.33649295694620085
7.052794215399559,-0.27687258223815864
0.4957335421041458,8.825841866784083
-2.6275915443162785,9.744276522435761
-1.324837065815397,4.544518468872733
-6.878987175195219,5.507938466892553
0.9089823019141909,8.752807673384025
0.5036820632198035,8.59165543858358
-6.697976099716904,5.419121030518907
-1.2134386036347187,4.783954423690575
6.842071541802885,-0.6407228816144896
-2.241078451804375,9.268487301224981
6.5928357517601635,-0.47294535188742165
-1.431255948068945,4.9186942572482515
-1.9851355773331183,9.925037018815178
-7.166138893910392,5.20408822609336
-2.493230579753193,9.434864714327702
7.011565372600169,-0.26115673878501794
0.7545992068328347,8.588317165146577
-6.915631144513212,4.911325528798476
0.7055396851896274,8.453903442482213
-2.008285901213089,9.481093362848526
-2.1317381850205592,9.406619252127062
0.5880519010351561,8.76474883121074
-7.014355304406862,4.829723184587306
-7.092245872721812,4.959451907584313
-1.4348439451792718,4.600001723417242
6.792507240597377,-0.3376182914773409
-1.2336193823045252,4.6759035775613516
0.76016814614121,9.096854473921448
0.739941078498235,8.486540338335725
-1.4064820044949164,4.634147702213794
-6.6471991250695925,4.795998241356662
-6.716353899360406,5.351366236418103
-2.1879205445520706,9.642055745733701
6.933214305779317,-0.5256117576263689
6.860427343164792,-0.21059732481466403
0.7860445320615085,8.672076226946372
-6.79885301415969,5.336443852721685
6.735148649555315,-0.3839007704882328
0.24700647980107798,9.182254843096173
7.049482568561087,-0.3446660642687611
-7.1824830249182625,5.210462898437358
-2.4619154505641325,9.500843984625865
-2.2701465333453474,9.379933823271685
7.1063671998862485,-0.42452766970122907
-6.687279343161277,5.756132814618388
-0.5297156293855879,4.970161480684568
0.8525947771168484,8.477838688353481
0.520759933962022,8.906081220360424
0.4675206073574454,8.756956847680662
6.858664848170992,-0.2179316848632491
-2.171280065750639,9.58423023536475
-1.3734245654855077,4.867210140184082
7.166655716486223,-0.3623409506344768
7.10661375076144,-0.29793468755384395
-6.747740610851837,5.131696516680544
-1.3069892971606447,4.7761912498714425
-2.05856883558823,9.67635874806237
-1.1137187399018313,4.510430126972274
0.571812590627518,8.518194999786882
-1.3390055407789507,4.71383940095433
-2.306494532913173,9.401815569423079
-2.2845411119987706,9.508587833313763
-6.937649639346477,5.495005376173322
-1.24854996345754,4.48984578216114
-7.2085455640628915,4.911994833134467
-2.378421432012388,9.805946071846915
0.7646460680046208,8.562738463473774
-7.193473299768341,5.429777335331646
-1.2818005600118931,5.024548257282478
-1.413795424516368,4.81147403797203
-6.74395660849996,5.183749597910808
-0.997525939115884,4.639545913172998
-2.6437035665019852,9.608437337760154
0.8427757869507512,8.679079958436587
6.898995086715893,-0.351444444787414
-1.8746997632532092,9.549315701153184
6.784019169548008,-0.03646370264675053
-1.1889089660086112,4.964296615082611
-6.769143855020873,5.262692762616058
-2.3014183836217987,9.432740491939441
1.0308790917923756,8.622729263232095
-2.2472796523484235,9.591001413360626
-6.900048535585865,5.403149219071087
-1.3071814126219634,4.8458276263300935
-1.647781629683389,4.782420332190781
6.92441435518735,-0.48826917299681194
-6.718330933779906,5.359045111304917
-1.4849556563902868,4.836962897830653
-2.401776729755559,9.614240017332675
-7.00340792103843,4.8401100178041405
-1.0816642179839124,4.747248211640942
-1.3937217156063821,4.8662136609429965
-7.109152101697497,5.275882111969915
0.833186846505429,8.77410104417946
6.773415949982048,-0.320663254033784
6.8249711668869875,-0.41789112247224586
0.9687649357738914,8.624940785572194
-7.044538771484807,5.161830576245495
-7.0260582611327065,5.028492198083141
6.755888402309654,-0.30181129599974005
0.7151652228023945,8.552905606219966
-1.3593439074145008,4.889903946192126
-0.9377273192540425,4.512776549483329
6.867321238414077,-0.20323332782303508
-2.079604418442973,9.028557335413012
6.878746042433745,-0.3665149419793632
-1.0778244527222576,4.862199512740553
0.8623933711348459,8.281262623114396
-2.3514187065926464,9.414010426953695
-6.675288296719355,5.330327711770812
0.8959787880059462,8.525305362982099
-7.11270508869344,5.39203068553974
0.6967427498408738,8.562179031345593
-2.237466879594398,9.30169899317748
-2.325006287145296,9.719467245719663
-2.1990192489901386,9.650844863511354
0.6356987499611646,8.894135975298829
-1.9027257088674523,9.565413445774425
0.7410696958610825,8.719052621275235
-7.005486451985941,5.332946514383648
-6.579525752894016,5.235959247228443
-1.1908393442495335,4.810978209112228
-1.1290620098212467,4.908548166737361
-2.353862766231049,9.213741449492893
6.6837401281682896,-0.005098542183176513
-2.36186765444385,9.853115229892031
-2.18463326746241,9.467770821493817
-7.010521584573593,5.311076767735829
-2.3292792766720414,9.769763347258277
0.6545539774189437,8.579103008222708
-7.315960257631485,5.402347082295118
-1.2931587571602594,4.845316714049466
0.927138385300372,8.556941899623707
-0.9587276085141798,4.629004872944943
-2.076883350552806,9.492379748667686
0.613026212384913,8.538509337582195
-2.1143074076006507,9.683864101311805
-2.2007015618822776,9.623866706230837
-7.0322832721782245,5.1727818605271745
0.4188387841126268,8.94917359545829
6.712054025947329,-0.193841212838897
-2.1398217378408866,9.945245314665058
0.5917917415851413,8.778219507391773
-6.989928535791452,5.472526896039242
6.737999853477169,-0.22168895747091805
-1.9979112080458634,9.275743619345114
6.887681516374862,-0.5928178193301372
-2.2355318402642186,9.032994564244797
6.737797968629672,-0.1952907410500228
-2.133266793667,9.473722568037491
-1.6828248060585858,9.86844850408698
6.894521658052023,0.031525258833043246
-7.02914384866483,5.557613205795598
-2.2178249276321833,9.21378074993709
-1.1275017891523778,4.750769970219559
-6.690368601884274,5.218694822638727
0.47353850060889463,8.565619284447779
-1.0591785463675751,4.366399644192356
-7.168318846749385,5.171725886433137
-2.4468424108676734,9.14980923720539
-7.220117272507157,5.155483113490879
6.673282868409532,-0.38745175263559833
-7.034254853895214,5.470104384155163
-6.663898199418917,5.068961807227083
-6.776286109541797,5.452533420759013
0.6533332351882837,8.31057283363323
-7.040757142822094,5.208904800520143
6.905276665936351,-0.4163245033797267
-1.8854062428945062,9.230010652276153
0.8337255492978644,8.460313552335498
-1.019274579898594,4.838757814894783
1.0425256174178523,8.282194281311876
-1.847368634618032,9.780538706089597
-1.2093062074191876,4.812851679503439
-2.4686485551311677,9.30263742643118
0.5638659252280283,8.40539552638076
6.666503756861624,-0.37630262735311865
-7.066412120544864,4.636650734789155
6.6210453068696955,-0.24972960053601814
6.846588910604734,-0.20430436415889788
-6.569691728181899,4.965831262328616
6.8770460957220445,-0.4151320458634329
-1.0663578670992857,4.978760284709434
0.4512496920147836,8.750578159618703
0.6452470575618262,8.713907321240256
-1.2689398558209226,4.842010118644847
-0.9837471009440819,4.932371220022931
0.41364640506812494,8.606122596187541
-6.722180771055208,4.891580802348188
-6.362181012688595,5.3396170208967835
-1.4511912306773245,4.423144802579895
6.910573038965514,-0.19518108231119766
-1.115950266682069,4.828188206458205
6.596232788888253,0.162681891104836
-1.0704280530732855,4.415268078756583
0.6035404536550504,8.821250993167903
-1.2130371805301285,4.2281626816899065
7.129914970748108,-0.27590496207933474
-6.807859060204867,5.180425857048603
-2.193972465746143,9.748161278031661
-1.0459346063833326,4.501105313393436
6.969820256592664,-0.22758564860889977
0.7766886949929335,8.83212786363888
-7.1212637369374505,5.346764095065212
6.759718669531051,-0.5497954503146518
6.762972849396182,-0.24531087543466906
-2.223603058847152,9.41798625654818
-2.4125494362407904,9.6001033932025
7.042494706583997,-0.03911052672829102
-1.217661445852137,4.281039636313203
0.5495386475037386,8.74924917424038
-1.262125099574127,4.5177509829932
-1.6689526358107099,4.626868396267
-2.1704808823881576,9.68177205072032
7.074499361012286,-0.2875309277299178
-1.3709456414165364,4.3903183537748305
6.815006396565974,-0.39258115333305815
-6.671241446756491,5.527654703628656
-1.4921401273202595,4.557150382246892
-1.1817846406260837,4.721458230502126
-6.629872320720884,5.539386457990828
-6.636615977186887,5.291978200195951
-6.977135859037053,5.278485964302984
0.4666761524147125,8.87767164712034
7.3370642004306665,-0.3150953779622707
6.577493616810679,0.25856675725713874
-2.5834182870677367,9.272648492633857
-1.1245152111423737,4.872479891257054
-6.8881436805412415,5.4995150308606435
0.9236390227328859,9.063555366548012
-6.72541771767826,5.291107440396224
-0.9725279012039287,4.798033115927703
-1.0499198903110902,4.72387214848572
0.6604413850843988,8.994337533032343
7.307092805413443,-0.3674192078000206
-1.3733632847493684,4.5809662644523605
7.2566867627362255,-0.43916740234080975
6.678781615251356,-0.3802010766845554
0.7003730370947021,8.889722986387111
-2.1831292811640006,9.285589101499111
-1.9520390382130635,9.543565150780767
6.839566220712072,-0.41673035202861874
-1.313210171671338,4.870751509950873
6.920596982193034,-0.5987266850398993
-6.972444561885821,5.388049655549759
6.964804717953071,-0.5083535218698727
6.836961150439754,-0.38694287210336187
-2.318334515297506,9.637196827866784
-1.6639559039512346,9.2897613604101
-6.97501039685323,5.024773715784458
-2.638351057240748,9.62650877953829
0.4862658540984306,8.499473003040093
1.01683575061256,8.959262317063011
0.8393910356666097,8.584788459332461
-0.9104691485623208,4.812544769729823
6.91227621852963,-0.18933385585259965
0.8964720314149504,8.499075212261852
-6.917922350533553,4.964034665830958
-6.744283729602576,4.9084770240163955
0.5810909604551905,8.562381731624173
0.5081839918512109,8.951284596005987
7.069166647013861,-0.1539459296439632
6.781714545967766,-0.453830057632953
6.8318361695718774,-0.31237767041494774
6.861728736083402,-0.055592353971896935
-6.899423034242594,5.196963095616898
7.0087976104249465,0.011915446321143053